path,ext,size_bytes,md5,dup_group_size,is_canonical,canonical_path
.gitignore,,45,3528b76d2af19b74ac60449f8ea7ed8b,1,1,
EEOC 5.25.27 INVESTIGATION/2025 Employee Performance Review 12.15.25.pdf,pdf,9975082,21a3ea24e625cb6f9fbc00c8ad992c68,1,1,
EEOC 5.25.27 INVESTIGATION/BIRE_2023 Job Description_Marketing Director.docx,docx,16817,d8b55a80c1f161bc15fb4c116effd8a5,1,1,
EEOC 5.25.27 INVESTIGATION/CA_Marketing Director Job Description from HR.pdf,pdf,183180,e33de744e32653596939931dcfe43cc6,1,1,
EEOC 5.25.27 INVESTIGATION/EEOC Complaint Overview 5.21.26.docx,docx,32841,d1a7c1de34371704cb974267af23422d,1,1,
EEOC 5.25.27 INVESTIGATION/EEOC FILING DOCS 3.25/5.13.25 Document_Employment Agreement 5.13.25- Elizabeth Lord[9].pdf,pdf,224431,fe2135249aaf74efb3358028e00a7a9a,2,1,EEOC 5.25.27 INVESTIGATION/EEOC FILING DOCS 3.25/5.13.25 Document_Employment Agreement 5.13.25- Elizabeth Lord[9].pdf
EEOC 5.25.27 INVESTIGATION/EEOC FILING DOCS 3.25/9.2.25  Discussion Notes.docx,docx,13981,51994915a7e80f2e67eddb31a9c070c3,2,1,EEOC 5.25.27 INVESTIGATION/EEOC FILING DOCS 3.25/9.2.25  Discussion Notes.docx
EEOC 5.25.27 INVESTIGATION/EEOC FILING DOCS 3.25/Cam Gun Meeting.png,png,1402483,650df60173bcd23b2b2a3074ce39f3f4,3,1,EEOC 5.25.27 INVESTIGATION/EEOC FILING DOCS 3.25/Cam Gun Meeting.png
EEOC 5.25.27 INVESTIGATION/EEOC FILING DOCS 3.25/Case_03.18.25 Cam Gun Meeting.png,png,1402483,650df60173bcd23b2b2a3074ce39f3f4,3,0,EEOC 5.25.27 INVESTIGATION/EEOC FILING DOCS 3.25/Cam Gun Meeting.png
EEOC 5.25.27 INVESTIGATION/EEOC FILING DOCS 3.25/Case_4.15.23 Email ESL to Cam.png,png,172716,d653c07567de0f823120a28f6bed3213,3,1,EEOC 5.25.27 INVESTIGATION/EEOC FILING DOCS 3.25/Case_4.15.23 Email ESL to Cam.png
EEOC 5.25.27 INVESTIGATION/EEOC FILING DOCS 3.25/Complaint Exhibits.pages,pages,754618,2376b7d5813af8f21d3c4b5a29fd91fb,1,1,
EEOC 5.25.27 INVESTIGATION/EEOC FILING DOCS 3.25/Dear Mr.docx,docx,17570,72236341e817e14dd677ea211c4da59d,1,1,
EEOC 5.25.27 INVESTIGATION/EEOC FILING DOCS 3.25/EEOC Charge No 3.9.26.docx,docx,25012,7d242ca3fe934a746ef8e78e3418f733,1,1,
EEOC 5.25.27 INVESTIGATION/EEOC FILING DOCS 3.25/EEOC Charge Rebuttal 3.09.26.docx,docx,25144,6577f40a0668d8b4514859bcbc782b34,1,1,
EEOC 5.25.27 INVESTIGATION/EEOC FILING DOCS 3.25/EEOC Charge Response Rebuttal.docx,docx,26876,71ca7cfcca02811e61a2c4ade96e722c,1,1,
EEOC 5.25.27 INVESTIGATION/EEOC FILING DOCS 3.25/EEOC FILING INFO/02.17.25 Marketing Proposal ELord.docx,docx,23422,d179a3bcb2d99d61b2dad73cf9c042e3,2,1,EEOC 5.25.27 INVESTIGATION/EEOC FILING DOCS 3.25/EEOC FILING INFO/02.17.25 Marketing Proposal ELord.docx
EEOC 5.25.27 INVESTIGATION/EEOC FILING DOCS 3.25/EEOC FILING INFO/05.23.25 Email HC SR Access.png,png,391618,cf7556b2b7e35d48308dc02a42a13050,1,1,
EEOC 5.25.27 INVESTIGATION/EEOC FILING DOCS 3.25/EEOC FILING INFO/10.24.25 Txt Ford Proof of Eff.png,png,336867,e8c838c0c9a978c6b84d87c4450cb12d,1,1,
EEOC 5.25.27 INVESTIGATION/EEOC FILING DOCS 3.25/EEOC FILING INFO/10.7.25 Txt Ford Video Approval.png,png,595005,a11fc6a2dcb8b570091811da398210e5,2,1,EEOC 5.25.27 INVESTIGATION/EEOC FILING DOCS 3.25/EEOC FILING INFO/10.7.25 Txt Ford Video Approval.png
EEOC 5.25.27 INVESTIGATION/EEOC FILING DOCS 3.25/EEOC FILING INFO/11.11.25 Email_ConnorP Fantastic.eml,eml,72565,51c5b14e1edbddeab55483d9e81fbbc7,2,0,EEOC 5.25.27 INVESTIGATION/EEOC FILING DOCS 3.25/Exhibits for Copying/Email_ConnorP Fantastic.eml
EEOC 5.25.27 INVESTIGATION/EEOC FILING DOCS 3.25/EEOC FILING INFO/11.12.25 TIMELINE AI.docx,docx,23854,70bc215c94791fca29432b2a663915d4,2,0,LORD V CDI/Doc for Uploading 1.18/Skip to content.docx
EEOC 5.25.27 INVESTIGATION/EEOC FILING DOCS 3.25/EEOC FILING INFO/2.14.25 AWrenn Title Announcement.png,png,243979,cf6e58dfdbd18409286df34dcbba0724,1,1,
EEOC 5.25.27 INVESTIGATION/EEOC FILING DOCS 3.25/EEOC FILING INFO/3.25 Email Cam RE Gun Meeting.png,png,1298805,8eef6aa759f7a0cdd2682b7175cf8451,2,1,EEOC 5.25.27 INVESTIGATION/EEOC FILING DOCS 3.25/EEOC FILING INFO/3.25 Email Cam RE Gun Meeting.png
EEOC 5.25.27 INVESTIGATION/EEOC FILING DOCS 3.25/EEOC FILING INFO/4.15.25 Email ESL to Cam.png,png,172716,d653c07567de0f823120a28f6bed3213,3,0,EEOC 5.25.27 INVESTIGATION/EEOC FILING DOCS 3.25/Case_4.15.23 Email ESL to Cam.png
EEOC 5.25.27 INVESTIGATION/EEOC FILING DOCS 3.25/EEOC FILING INFO/4.16.25 Email Cam 4.16.25 .png,png,117951,0df1654e60b3ed33b6eda4c255e7afc8,2,1,EEOC 5.25.27 INVESTIGATION/EEOC FILING DOCS 3.25/EEOC FILING INFO/4.16.25 Email Cam 4.16.25 .png
EEOC 5.25.27 INVESTIGATION/EEOC FILING DOCS 3.25/EEOC FILING INFO/4.21.25 EMAIL MM re Lissa Lipsey.png,png,363994,49194271e0fac6c40a7fdf7a5bcb422b,3,0,EEOC 5.25.27 INVESTIGATION/EEOC FILING DOCS 3.25/Exhibits for Copying/Email_MM Lissa Lipsey .png
EEOC 5.25.27 INVESTIGATION/EEOC FILING DOCS 3.25/EEOC FILING INFO/4.23.25 EMAILMETRICS REQUEST No Responses.png,png,86353,9e85ff74d75d97bfa8e2fd2f7f490d12,2,0,EEOC 5.25.27 INVESTIGATION/EEOC FILING DOCS 3.25/Exhibits for Copying/EMAIL No Responses.png
EEOC 5.25.27 INVESTIGATION/EEOC FILING DOCS 3.25/EEOC FILING INFO/4.25.25 EMAIL_ Cam Email Followup.png,png,150960,d1ab4475516609f9a101380c3b553ab9,2,1,EEOC 5.25.27 INVESTIGATION/EEOC FILING DOCS 3.25/EEOC FILING INFO/4.25.25 EMAIL_ Cam Email Followup.png
EEOC 5.25.27 INVESTIGATION/EEOC FILING DOCS 3.25/EEOC FILING INFO/4.25.25 EMAIL_HR Concerns.docx,docx,16878,879a241a843b1d50d1e795f2cd0fa0e5,2,0,EEOC 5.25.27 INVESTIGATION/EEOC FILING DOCS 3.25/Exhibits for Copying/EMAIL_HR 04.25.25.docx
EEOC 5.25.27 INVESTIGATION/EEOC FILING DOCS 3.25/EEOC FILING INFO/5.12.25 Email Cam Empl Agreement.png,png,349378,1c4b51e71d6308bd47611bb9c217777c,1,1,
EEOC 5.25.27 INVESTIGATION/EEOC FILING DOCS 3.25/EEOC FILING INFO/5.12.25 Email Cam Mtg Request.png,png,335388,eb50373de01354a568d9f04fdce4f23d,1,1,
EEOC 5.25.27 INVESTIGATION/EEOC FILING DOCS 3.25/EEOC FILING INFO/5.12.25 Email Cam Role .png,png,319867,f924feb37b0586a31b999021038bb3dd,1,1,
EEOC 5.25.27 INVESTIGATION/EEOC FILING DOCS 3.25/EEOC FILING INFO/5.23.25 EMAIL HC Google Bus Prof Req.eml,eml,371547,71a28f9e02070bd4fa15011b62f5df2d,2,0,EEOC 5.25.27 INVESTIGATION/EEOC FILING DOCS 3.25/Exhibits for Copying/EMAIL HC Google Bus Prof Req.eml
EEOC 5.25.27 INVESTIGATION/EEOC FILING DOCS 3.25/EEOC FILING INFO/6.5.25 Email Cam CB Hostility.png,png,415491,5a85e7c1e7ef22919dfab0ca7cd99ba9,1,1,
EEOC 5.25.27 INVESTIGATION/EEOC FILING DOCS 3.25/EEOC FILING INFO/6.5.25 Email to Cam Web Access.png,png,307253,dd97434ce6c827f6377475af392952ce,1,1,
EEOC 5.25.27 INVESTIGATION/EEOC FILING DOCS 3.25/EEOC FILING INFO/9.1.24 Email_Monthly Meeting w Ford.png,png,56075,5c4c4290f7d2965a311b630bd60d4f01,2,0,EEOC 5.25.27 INVESTIGATION/EEOC FILING DOCS 3.25/Exhibits for Copying/Email_Monthly Meeting w Ford.png
EEOC 5.25.27 INVESTIGATION/EEOC FILING DOCS 3.25/EEOC FILING INFO/9.23.25 Email Connor P Proof of Eff.png,png,271798,78ab5da93b3c9ede594013178cf50df8,1,1,
EEOC 5.25.27 INVESTIGATION/EEOC FILING DOCS 3.25/EEOC FILING INFO/BIRE FRI ACTIVITY REPORT BRODSKY RE HC Metrics.png,png,562194,2eef7e96a69e4094bacf06c031b603b3,1,1,
EEOC 5.25.27 INVESTIGATION/EEOC FILING DOCS 3.25/EEOC FILING INFO/Case Email Meeting Gun 2025-11-13 at 8.36.15 PM.png,png,1063323,9676a741f3ccf6857abdca9bbbbf2239,1,1,
EEOC 5.25.27 INVESTIGATION/EEOC FILING DOCS 3.25/EEOC FILING INFO/EMAIL_Christine Brodsky Refusal  2025-11-12 at 10.30.50 AM.png,png,313850,484720c9218b173f4aa13af6ace8838c,1,1,
EEOC 5.25.27 INVESTIGATION/EEOC FILING DOCS 3.25/EEOC FILING INFO/Email CB photo requ 2025-11-12 at 10.25.00 AM.png,png,278292,1d1f9b80dc8a707bb5f8450dd2bf746d,1,1,
EEOC 5.25.27 INVESTIGATION/EEOC FILING DOCS 3.25/EEOC FILING INFO/Email Josh Media Request 2025-11-14 at 7.39.59 AM.png,png,489129,75dabc85dc2f903012f7413e77e76741,1,1,
EEOC 5.25.27 INVESTIGATION/EEOC FILING DOCS 3.25/EEOC FILING INFO/Email Paul Luck Press Release 2025-11-14 at 7.36.23 AM.png,png,277812,6b594f29708984969aef14353452b2d1,1,1,
EEOC 5.25.27 INVESTIGATION/EEOC FILING DOCS 3.25/EEOC FILING INFO/Email to Ford All Hands Event 2025-11-14 at 7.34.56 AM.png,png,854220,09817d3db2dfb100406e54731e7b63fd,1,1,
"EEOC 5.25.27 INVESTIGATION/EEOC FILING DOCS 3.25/EEOC FILING INFO/Employee Handbook September 23, 2025.pdf",pdf,480656,c9bcf341156e14ba7c97ec390e1e52b5,3,0,"LORD V CDI/Lord v CDI EXHIBITS/Employee Handbook September 23, 2025.pdf"
EEOC 5.25.27 INVESTIGATION/EEOC FILING DOCS 3.25/EEOC FILING INFO/Employment Change Proposal_CMO.docx,docx,24944,c174dfa754651a681f076ecce4c82cf4,2,1,EEOC 5.25.27 INVESTIGATION/EEOC FILING DOCS 3.25/EEOC FILING INFO/Employment Change Proposal_CMO.docx
EEOC 5.25.27 INVESTIGATION/EEOC FILING DOCS 3.25/EEOC FILING INFO/Ford URL Order CH 2025-11-13 at 2.43.11 PM.png,png,251253,8e73d4c3591be56298841ea4098260cb,1,1,
EEOC 5.25.27 INVESTIGATION/EEOC FILING DOCS 3.25/EEOC FILING INFO/SM Metrics Reporting Request.docx,docx,17536,2a61b9c3711ea41a93dcf4ff1f41124d,3,0,LORD V CDI/Doc for Uploading 1.18/SM Reporting.docx
EEOC 5.25.27 INVESTIGATION/EEOC FILING DOCS 3.25/EEOC FILING INFO/Screenshot 2026-01-04 at 11.10.24 AM.png,png,211083,6a5ebb607b98b321d8a1c619de81c918,1,1,
EEOC 5.25.27 INVESTIGATION/EEOC FILING DOCS 3.25/EEOC FILING INFO/Text Cam Gun Mtg 2025-11-12 at 8.06.29 AM.png,png,1298805,8eef6aa759f7a0cdd2682b7175cf8451,2,0,EEOC 5.25.27 INVESTIGATION/EEOC FILING DOCS 3.25/EEOC FILING INFO/3.25 Email Cam RE Gun Meeting.png
EEOC 5.25.27 INVESTIGATION/EEOC FILING DOCS 3.25/EEOC FILING INFO/Text Cam Re Signatures 2025-11-11 at 7.51.29 PM.png,png,418103,dff252ae32e9ffadae755b3f4906a67a,1,1,
EEOC 5.25.27 INVESTIGATION/EEOC FILING DOCS 3.25/EEOC FILING INFO/Timeline_ Lord v. CDI 1.4.26 copy.pdf,pdf,5566220,fab8afa64e9374cd22dd07b360fbb656,1,1,
EEOC 5.25.27 INVESTIGATION/EEOC FILING DOCS 3.25/EEOC FILING INFO/Timeline_ Lord v. CDI 1.4.26 copy.pdf.zip,zip,5356238,45cfdfa60090ba34f9a6bf7f1c155a3d,1,1,
EEOC 5.25.27 INVESTIGATION/EEOC FILING DOCS 3.25/EEOC FILING INFO/Txt Ford Video Footage 2025-11-11 at 10.03.28 AM.png,png,595005,a11fc6a2dcb8b570091811da398210e5,2,0,EEOC 5.25.27 INVESTIGATION/EEOC FILING DOCS 3.25/EEOC FILING INFO/10.7.25 Txt Ford Video Approval.png
EEOC 5.25.27 INVESTIGATION/EEOC FILING DOCS 3.25/EEOC_FisherPhillips Response.pdf,pdf,260181,7a7adf3e8b8e52d7edba47cf5e8b6a2a,1,1,
EEOC 5.25.27 INVESTIGATION/EEOC FILING DOCS 3.25/EEOC_Ltr TPhillips Rep Risk.docx,docx,16201,86e2729ec0b621f08e04d0b9f201dc51,1,1,
EEOC 5.25.27 INVESTIGATION/EEOC FILING DOCS 3.25/EEOC_Rebuttal_Lord_3.12.26.docx,docx,28926,3bd94e8a16045ec06a858983e89374ed,1,1,
EEOC 5.25.27 INVESTIGATION/EEOC FILING DOCS 3.25/EEOC_Response 3.15.25.docx,docx,27344,5c86f89bda6a703125fd23e27840b24d,1,1,
EEOC 5.25.27 INVESTIGATION/EEOC FILING DOCS 3.25/ELord Rebuttal 3.10.26.docx,docx,23941,88ada49017a00daf053c8bdc2059a2ba,1,1,
EEOC 5.25.27 INVESTIGATION/EEOC FILING DOCS 3.25/ELord_ EEOC Response_3.17.26.pdf,pdf,178147,438a45a6ebdc2311e3f00e42de3a88db,1,1,
EEOC 5.25.27 INVESTIGATION/EEOC FILING DOCS 3.25/ELord_EEOC Updated TIMELINE 2.28.26.xlsx,xlsx,77231,151c4fab38bee2766778b13be8639c03,1,1,
EEOC 5.25.27 INVESTIGATION/EEOC FILING DOCS 3.25/ELord_NLRB FULL TIMELINE 3.1.26.xlsx,xlsx,79873,63b5f493f3957aa554def941c49cda47,1,1,
EEOC 5.25.27 INVESTIGATION/EEOC FILING DOCS 3.25/EXHIBIT C_3.18 Notes Mumma Mtg Removal of Authority.docx,docx,251207,b30f58ce4d36e4c70240a58e9228e3fc,1,1,
EEOC 5.25.27 INVESTIGATION/EEOC FILING DOCS 3.25/EXHIBIT E_Notes Removal of Authority.docx,docx,251148,9761a6d883977879cd5005f1039032be,1,1,
EEOC 5.25.27 INVESTIGATION/EEOC FILING DOCS 3.25/EXHIBIT G_Reputational Risk.docx,docx,16208,08238f9f874f4b0e9766c2fddbbbf7b6,1,1,
EEOC 5.25.27 INVESTIGATION/EEOC FILING DOCS 3.25/EXHIBIT K. 3.12.26_Response Rate.pdf,pdf,133712,c2dfa6984b07b004ec70c334afe458f7,1,1,
EEOC 5.25.27 INVESTIGATION/EEOC FILING DOCS 3.25/EXHIBIT K_6.25.25 Email Footer AWrenn Title Change.png,png,238244,77e236849f0476b6ba9a374d1cc70ec1,1,1,
EEOC 5.25.27 INVESTIGATION/EEOC FILING DOCS 3.25/EXHIBIT X_4.22.25 Time Off Request Hayley SHOWS AUTHORITY.png,png,166262,6f1681561617a833f22a999a67db1a8a,2,0,LORD V CDI/Doc for Uploading 1.18/Time Off Request Hayley SHOWS AUTHORITY.png
EEOC 5.25.27 INVESTIGATION/EEOC FILING DOCS 3.25/EXHIBITS 3.15/EEOC_Rebuttal Ltr_Statement_3.17.26.docx,docx,29906,c960edce84f236759a1c9d5cc932e75e,1,1,
EEOC 5.25.27 INVESTIGATION/EEOC FILING DOCS 3.25/EXHIBITS 3.15/EXHIBIT A_11.19.24_Organizational Chart Showing Authority.png,png,147343,ea5d51fce5fac8a418fd3350fd864163,2,0,NLRB FILING DOCS 3.5/EXHIBIT+A_11.19.24_Organizational+Chart+Showing+Authority.png
EEOC 5.25.27 INVESTIGATION/EEOC FILING DOCS 3.25/EXHIBITS 3.15/EXHIBIT B_3.13.25_Email HR Authority .png,png,117951,0df1654e60b3ed33b6eda4c255e7afc8,2,0,EEOC 5.25.27 INVESTIGATION/EEOC FILING DOCS 3.25/EEOC FILING INFO/4.16.25 Email Cam 4.16.25 .png
EEOC 5.25.27 INVESTIGATION/EEOC FILING DOCS 3.25/EXHIBITS 3.15/EXHIBIT C_3.18.25_Notes Mumma Mtg Removal of Authority.docx,docx,251191,9e78f9d280eb48bfea61c48159722403,1,1,
EEOC 5.25.27 INVESTIGATION/EEOC FILING DOCS 3.25/EXHIBITS 3.15/EXHIBIT D_4.15.25_Email Concerns to HR.png,png,172716,d653c07567de0f823120a28f6bed3213,3,0,EEOC 5.25.27 INVESTIGATION/EEOC FILING DOCS 3.25/Case_4.15.23 Email ESL to Cam.png
EEOC 5.25.27 INVESTIGATION/EEOC FILING DOCS 3.25/EXHIBITS 3.15/EXHIBIT E_4.16.25_Office Reassignment Photo.docx,docx,125463,58fe1d42375a3253f8dc211e730b9177,1,1,
EEOC 5.25.27 INVESTIGATION/EEOC FILING DOCS 3.25/EXHIBITS 3.15/EXHIBIT F_6.25.25_Wrenn Change of Title.docx,docx,505516,d1f8522da3b8722358e6e1641bb6a994,1,1,
EEOC 5.25.27 INVESTIGATION/EEOC FILING DOCS 3.25/EXHIBITS 3.15/EXHIBIT G_9.2.25_Notes on Email Lockout.docx,docx,14135,aa898d2e9e581d47c9f5c566bd6c9df9,1,1,
EEOC 5.25.27 INVESTIGATION/EEOC FILING DOCS 3.25/EXHIBITS 3.15/EXHIBIT H_9.5.25 Brodsky Intro Hayley Cape as Dir of Mktg.docx,docx,14766,6d0f67a1b3cb2c8c5a297fe5c1bdb743,1,1,
EEOC 5.25.27 INVESTIGATION/EEOC FILING DOCS 3.25/EXHIBITS 3.15/EXHIBIT I 2.25.26_Investment News Article.docx,docx,645697,67c6ba9c7bd2299784a7cbfda20230d0,1,1,
EEOC 5.25.27 INVESTIGATION/EEOC FILING DOCS 3.25/EXHIBITS 3.15/EXHIBIT J 2.25.26_Email TP Reputational Risk.docx,docx,463503,0a27e474087339d03cf578799f7b6c0b,1,1,
EEOC 5.25.27 INVESTIGATION/EEOC FILING DOCS 3.25/EXHIBITS 3.15/EXHIBIT K. 3.12.26_Response Rate.pages,pages,754441,e6ca77f3ba10be924f564e58898a2629,1,1,
EEOC 5.25.27 INVESTIGATION/EEOC FILING DOCS 3.25/EXHIBITS 3.15/UPDATED TIMELINE 3.1.26.xlsx,xlsx,78244,ea631b79f7cfc048e27e6205657e749f,1,1,
EEOC 5.25.27 INVESTIGATION/EEOC FILING DOCS 3.25/EXHIBITS 3.15/UPDATED TIMELINE 5.21.26.xlsx,xlsx,79692,671692cd94368a9453cbad75bf5cb80a,1,1,
EEOC 5.25.27 INVESTIGATION/EEOC FILING DOCS 3.25/EXHIBITS 3.15/Witness List 3.1.26.docx,docx,16247,565d0179618edc960f5acd4917ddd18f,1,1,
EEOC 5.25.27 INVESTIGATION/EEOC FILING DOCS 3.25/EXHIBIT_10.24.25 Txt Ford No Response.png,png,402050,e7e50ba76b4fcf6d066f69f28865cf83,1,1,
EEOC 5.25.27 INVESTIGATION/EEOC FILING DOCS 3.25/Email HR Payroll copy.png,png,528807,4d7e6733785a6798871ab2b0e13d08ef,3,0,LORD V CDI/Email HR Payroll.png
EEOC 5.25.27 INVESTIGATION/EEOC FILING DOCS 3.25/Email Hayleys Sig Blk 2025-11-13 at 7.20.07 PM.png,png,363639,62a47bd50f39f4dcb6ca47f3681fec92,1,1,
EEOC 5.25.27 INVESTIGATION/EEOC FILING DOCS 3.25/Email Website Ownership 2.16.26.pages,pages,762650,cea657dba5c1fe5698d00acb23ed0335,1,1,
EEOC 5.25.27 INVESTIGATION/EEOC FILING DOCS 3.25/Exhibits for Copying/Complaint Exhibits.docx,docx,23737,e5950addfadbd38fafd54e281a32f61a,1,1,
EEOC 5.25.27 INVESTIGATION/EEOC FILING DOCS 3.25/Exhibits for Copying/Document_Employment Agreement 5.13.25- Elizabeth Lord[9].pdf,pdf,224431,fe2135249aaf74efb3358028e00a7a9a,2,0,EEOC 5.25.27 INVESTIGATION/EEOC FILING DOCS 3.25/5.13.25 Document_Employment Agreement 5.13.25- Elizabeth Lord[9].pdf
EEOC 5.25.27 INVESTIGATION/EEOC FILING DOCS 3.25/Exhibits for Copying/EMAIL HC Google Bus Prof Req.eml,eml,371547,71a28f9e02070bd4fa15011b62f5df2d,2,1,EEOC 5.25.27 INVESTIGATION/EEOC FILING DOCS 3.25/Exhibits for Copying/EMAIL HC Google Bus Prof Req.eml
EEOC 5.25.27 INVESTIGATION/EEOC FILING DOCS 3.25/Exhibits for Copying/EMAIL MM re Lissa Lipsey 4.21.2025.png,png,363994,49194271e0fac6c40a7fdf7a5bcb422b,3,0,EEOC 5.25.27 INVESTIGATION/EEOC FILING DOCS 3.25/Exhibits for Copying/Email_MM Lissa Lipsey .png
EEOC 5.25.27 INVESTIGATION/EEOC FILING DOCS 3.25/Exhibits for Copying/EMAIL No Responses.png,png,86353,9e85ff74d75d97bfa8e2fd2f7f490d12,2,1,EEOC 5.25.27 INVESTIGATION/EEOC FILING DOCS 3.25/Exhibits for Copying/EMAIL No Responses.png
EEOC 5.25.27 INVESTIGATION/EEOC FILING DOCS 3.25/Exhibits for Copying/EMAIL_ Cam Email Followup 4.25.25.png,png,150960,d1ab4475516609f9a101380c3b553ab9,2,0,EEOC 5.25.27 INVESTIGATION/EEOC FILING DOCS 3.25/EEOC FILING INFO/4.25.25 EMAIL_ Cam Email Followup.png
EEOC 5.25.27 INVESTIGATION/EEOC FILING DOCS 3.25/Exhibits for Copying/EMAIL_ALL HANDS NEW OFFICE.eml,eml,10963,f5161ba437e4f29374c9d6b97fd9c04c,1,1,
EEOC 5.25.27 INVESTIGATION/EEOC FILING DOCS 3.25/Exhibits for Copying/EMAIL_HR 04.25.25.docx,docx,16878,879a241a843b1d50d1e795f2cd0fa0e5,2,1,EEOC 5.25.27 INVESTIGATION/EEOC FILING DOCS 3.25/Exhibits for Copying/EMAIL_HR 04.25.25.docx
EEOC 5.25.27 INVESTIGATION/EEOC FILING DOCS 3.25/Exhibits for Copying/Email_ConnorP Fantastic.eml,eml,72565,51c5b14e1edbddeab55483d9e81fbbc7,2,1,EEOC 5.25.27 INVESTIGATION/EEOC FILING DOCS 3.25/Exhibits for Copying/Email_ConnorP Fantastic.eml
EEOC 5.25.27 INVESTIGATION/EEOC FILING DOCS 3.25/Exhibits for Copying/Email_MM Lissa Lipsey .png,png,363994,49194271e0fac6c40a7fdf7a5bcb422b,3,1,EEOC 5.25.27 INVESTIGATION/EEOC FILING DOCS 3.25/Exhibits for Copying/Email_MM Lissa Lipsey .png
EEOC 5.25.27 INVESTIGATION/EEOC FILING DOCS 3.25/Exhibits for Copying/Email_Monthly Meeting w Ford.png,png,56075,5c4c4290f7d2965a311b630bd60d4f01,2,1,EEOC 5.25.27 INVESTIGATION/EEOC FILING DOCS 3.25/Exhibits for Copying/Email_Monthly Meeting w Ford.png
"EEOC 5.25.27 INVESTIGATION/EEOC FILING DOCS 3.25/Exhibits for Copying/Employee Handbook September 23, 2025.pdf",pdf,480656,c9bcf341156e14ba7c97ec390e1e52b5,3,0,"LORD V CDI/Lord v CDI EXHIBITS/Employee Handbook September 23, 2025.pdf"
EEOC 5.25.27 INVESTIGATION/EEOC FILING DOCS 3.25/Exhibits for Copying/Employee Self Review Form (final).pdf,pdf,139624,9d54ed679380b805026d4a95597fb181,1,1,
EEOC 5.25.27 INVESTIGATION/EEOC FILING DOCS 3.25/Exhibits for Copying/Employment Change Proposal_CMO.docx,docx,24944,c174dfa754651a681f076ecce4c82cf4,2,0,EEOC 5.25.27 INVESTIGATION/EEOC FILING DOCS 3.25/EEOC FILING INFO/Employment Change Proposal_CMO.docx
EEOC 5.25.27 INVESTIGATION/EEOC FILING DOCS 3.25/Exhibits for Copying/M_Cameron_Weapon.png,png,1402483,650df60173bcd23b2b2a3074ce39f3f4,3,0,EEOC 5.25.27 INVESTIGATION/EEOC FILING DOCS 3.25/Cam Gun Meeting.png
EEOC 5.25.27 INVESTIGATION/EEOC FILING DOCS 3.25/Exhibits for Copying/Marketing Proposal ELord 02.17.25.docx,docx,23422,d179a3bcb2d99d61b2dad73cf9c042e3,2,0,EEOC 5.25.27 INVESTIGATION/EEOC FILING DOCS 3.25/EEOC FILING INFO/02.17.25 Marketing Proposal ELord.docx
EEOC 5.25.27 INVESTIGATION/EEOC FILING DOCS 3.25/Exhibits for Copying/Sept 2 Discussion.docx,docx,13981,51994915a7e80f2e67eddb31a9c070c3,2,0,EEOC 5.25.27 INVESTIGATION/EEOC FILING DOCS 3.25/9.2.25  Discussion Notes.docx
EEOC 5.25.27 INVESTIGATION/EEOC FILING DOCS 3.25/Lord v CDI 2026 Broadstreet Update.docx,docx,39505,19771220f0de59107fbfc994c4614595,3,0,Uploads/Lord v CDI 2026 Broadstreet Update.docx
EEOC 5.25.27 INVESTIGATION/EEOC FILING DOCS 3.25/Lord v CDI 3.19 Removal of Duties Gun Report.docx,docx,251069,72ea815d38dc4ba22084068516bfb6df,1,1,
EEOC 5.25.27 INVESTIGATION/EEOC FILING DOCS 3.25/Lord v CDI BIRE Hayley Cape as Mktg Director.pdf,pdf,151613,af0206ebb7bc4411d5c511615c2d1264,1,1,
EEOC 5.25.27 INVESTIGATION/EEOC FILING DOCS 3.25/Lord v CDI Disciplinary Action.pdf,pdf,229331,41add5d2b3e4e904bed0934474bd99b0,1,1,
EEOC 5.25.27 INVESTIGATION/EEOC FILING DOCS 3.25/Lord v CDI Text Request to HR.PNG,png,1128192,06cfa160713779bc3424225f49a4ed92,1,1,
EEOC 5.25.27 INVESTIGATION/EEOC FILING DOCS 3.25/Ltr_Preservation 11.12.25.docx,docx,21717,2a208376d3454bedc40be5c192368d6c,1,1,
EEOC 5.25.27 INVESTIGATION/EEOC FILING DOCS 3.25/Screenshot 2026-03-16 at 6.22.46 PM.png,png,264679,3c11544f9cc6c646fd63bee5622bcf68,1,1,
EEOC 5.25.27 INVESTIGATION/EEOC FILING DOCS 3.25/Screenshot 2026-03-16 at 6.24.02 PM.png,png,276834,fa752dcd7650a5d8e5563a5456e81023,1,1,
EEOC 5.25.27 INVESTIGATION/EEOC FILING DOCS 3.25/Screenshot 2026-03-17 at 11.08.34 AM.png,png,444217,6b2998ff98f885cc758135d57d69e742,1,1,
EEOC 5.25.27 INVESTIGATION/EEOC FILING DOCS 3.25/Timeline_ Lord v. CDI (2).xlsx,xlsx,127451,47820bd50ff120ff71e29eae53fcbe12,1,1,
EEOC 5.25.27 INVESTIGATION/EEOC FILING DOCS 3.25/UPLOADS 2.23.26/ELord_NLRB Updated TIMELINE 2.28.26.xlsx,xlsx,79888,8d99d132dd4ba060d3b323f00c7e8595,1,1,
EEOC 5.25.27 INVESTIGATION/EEOC FILING DOCS 3.25/UPLOADS 2.23.26/ELord_NLRB Updated TIMELINE 3.1.26.xlsx,xlsx,79865,20a5b05752281134fc9967ac828d5be3,1,1,
EEOC 5.25.27 INVESTIGATION/EEOC FILING DOCS 3.25/UPLOADS 2.23.26/Lord v CDI Annette Wrenn Promotion.docx,docx,278660,21e435bffe98d69a86264c295999786c,3,0,Uploads/Lord v CDI Annette Wrenn Promotion.docx
EEOC 5.25.27 INVESTIGATION/EEOC FILING DOCS 3.25/UPLOADS 2.23.26/Lord v CDI Audio Transcription of Review.docx,docx,42363,da296e1c1fb66aa946e73a2e69936365,1,1,
EEOC 5.25.27 INVESTIGATION/EEOC FILING DOCS 3.25/UPLOADS 2.23.26/Lord v CDI BIRE_EEOC Updated TIMELINE 1.18.26.xlsx,xlsx,75826,7af0971e8e6af14568aeb4a6229552d5,3,0,Uploads/ELord_EEOC Updated TIMELINE 1.18.26.xlsx
EEOC 5.25.27 INVESTIGATION/EEOC FILING DOCS 3.25/UPLOADS 2.23.26/Lord v CDI Email Chain Concerns.docx,docx,837554,7fa58d0af4a21e8ac3c46007ceb74d1b,3,0,Uploads/Lord v CDI Email Chain Concerns.docx
EEOC 5.25.27 INVESTIGATION/EEOC FILING DOCS 3.25/UPLOADS 2.23.26/Lord v CDI HR Mtg Response 3.13.25.docx,docx,17321,4d71e6325cee02bfb358db97b8ae8bf7,3,0,Uploads/Lord v CDI HR Mtg Response 3.13.25.docx
EEOC 5.25.27 INVESTIGATION/EEOC FILING DOCS 3.25/UPLOADS 2.23.26/Lord v CDI Job Change.pdf,pdf,271826,59296ddf64b3089c9525bc86463f3bca,1,1,
EEOC 5.25.27 INVESTIGATION/EEOC FILING DOCS 3.25/UPLOADS 2.23.26/Lord v CDI Req for Performance Review.docx,docx,306720,7598300b81151fb068f4af4e599eb28a,3,0,Uploads/Lord v CDI Req for Performance Review.docx
EEOC 5.25.27 INVESTIGATION/EEOC FILING DOCS 3.25/UPLOADS 2.23.26/Lord v CDI_Evidence of Fraud.docx,docx,529514,f342585a658557d2ce67b5ab284c6417,3,0,Uploads/Lord v CDI_Evidence of Fraud.docx
EEOC 5.25.27 INVESTIGATION/EEOC FILING DOCS 3.25/UPLOADS 2.23.26/Lord v CDI_HR Response to Charges 11.24.2025.pdf,pdf,394819,33d5cafbaea5532c2380bca44d0ba4c7,1,1,
EEOC 5.25.27 INVESTIGATION/EEOC FILING DOCS 3.25/UPLOADS 2.23.26/Lord v CDI_Removal of Office.docx,docx,232235,80b60cdd00439dd03eadee0b2ce5bcd2,1,1,
EEOC 5.25.27 INVESTIGATION/EEOC FILING DOCS 3.25/UPLOADS 2.23.26/Ltr_Formal Complant.docx,docx,46257,29cdb13aafebb003e3bd09c94f48de4f,1,1,
EEOC 5.25.27 INVESTIGATION/EEOC FILING DOCS 3.25/UPLOADS 2.23.26/NLRB_DCK.10-CA-378814.Unassigned Queue - Letter to Charging Party.pdf,pdf,221776,850e70b78fd9f5af471fe0b5fedbc4e4,1,1,
EEOC 5.25.27 INVESTIGATION/EEOC FILING DOCS 3.25/WBS TO REVIEWED/436-2026-00670_CDI_ChargeOfDiscrimination.pdf,pdf,82953,880571e278a6b15a8d85d86f53899d7e,1,1,
EEOC 5.25.27 INVESTIGATION/EEOC FILING DOCS 3.25/WBS TO REVIEWED/436-2026-00698_BIRE_ChargeOfDiscrimination.pdf,pdf,83074,20509364395685170039ac4661394437,1,1,
EEOC 5.25.27 INVESTIGATION/EEOC FILING DOCS 3.25/WBS TO REVIEWED/Calaude Seiniger EEOC_3.15.25.docx,docx,27361,83323b0e30403110ff42415782704514,1,1,
EEOC 5.25.27 INVESTIGATION/EEOC FILING DOCS 3.25/WBS TO REVIEWED/Calude EEOC_Rebuttal_Lord_v2.docx,docx,25580,355b3960d28e985f0990177d4cb95ca6,1,1,
EEOC 5.25.27 INVESTIGATION/EEOC FILING DOCS 3.25/WBS TO REVIEWED/EEOC Charge Response Rebuttal 3.10.26.docx,docx,26872,386dc463262d909464f986ca219d57b6,1,1,
EEOC 5.25.27 INVESTIGATION/EEOC FILING DOCS 3.25/WBS TO REVIEWED/EEOC_Rebuttal_Lord_REVISED.docx,docx,28821,b5dad923bac77397cf3078b616ab94e6,1,1,
EEOC 5.25.27 INVESTIGATION/EEOC FILING DOCS 3.25/WBS TO REVIEWED/Email Hayley Announced as MD.docx,docx,14755,49c85443294d6800f1c0268a36e24349,1,1,
EEOC 5.25.27 INVESTIGATION/EEOC Investigator Summary Brief 5.25.26.docx,docx,29409,0a75564ac25f94d40883b316247ca4ae,1,1,
EEOC 5.25.27 INVESTIGATION/EEOC Investigator Summary Brief.docx,docx,32216,4d5771cbec8f60f1adf381ce8535d1d1,1,1,
EEOC 5.25.27 INVESTIGATION/Employment Agreement - Elizabeth Lord_18342770417924320763.pdf,pdf,224434,3ee5fca20aeefa1e48344bfb92b5f5d8,1,1,
EEOC 5.25.27 INVESTIGATION/UPDATED TIMELINE 3.1.26.xlsx,xlsx,77956,4466fd61e4f5bdc9f0c9ef547ef833a5,1,1,
EEOC 5.25.27 INVESTIGATION/UPDATED TIMELINE 5.21.26.xlsx,xlsx,79514,91c7773be4f159a3b0ba0f42fa898523,1,1,
EEOC 5.25.27 INVESTIGATION/UPDATED TIMELINE 5.25.26 copy.xlsx,xlsx,79869,f741c4b6cc94ecf91f1245630dbf0d71,1,1,
EEOC 5.25.27 INVESTIGATION/UPDATED TIMELINE 5.25.26.xlsx,xlsx,79814,17f653da263d771ed57e74d282e71c96,1,1,
EEOC FILING INFO alias,,1024,ac55947b83ab4f58a1c188e3ee64ed1a,1,1,
EEOC_Complaint_Lord_FINAL.docx,docx,53322,c2804bad61cdbc6bf0a6b86803e4bea1,2,1,EEOC_Complaint_Lord_FINAL.docx
EEOC_Complaint_Timeline_Lord.docx,docx,34366,7b4a23297f30bc2bf6ed9b2c58f87eb6,2,1,EEOC_Complaint_Timeline_Lord.docx
EEOC_Rebuttal_Blackstream.CDI_6_30_26.docx,docx,3822830,7d7b6df6225f6a77c46d19d17dd55324,1,1,
ELord_CV_6.21.26.docx,docx,20609,7ca4cb82e056b0a4c17be7604a5dac6c,1,1,
Formal Notice of Claims 11.14.2025.pdf,pdf,1372493,30a635e1a8d4e8b28bcaea00c1b76af5,1,1,
Formal Notice of Claims.pages,pages,786893,48b9bbcf766917422f34e01d9c0deeba,1,1,
LORD V CDI/Case Doc Evidence.docx,docx,17004,0a8450020e608e38f17ed702cd116d12,1,1,
LORD V CDI/Doc for Uploading 1.18/ADDENDUM_Firearm_and_Safety_Concerns.txt,txt,14720,0cbf42613965d685ab1464d9916d5ad4,1,1,
LORD V CDI/Doc for Uploading 1.18/Age Disc Laws.docx,docx,18932,6b87f02de537448bdc734be3b8ba6461,1,1,
LORD V CDI/Doc for Uploading 1.18/BIRE EMAIL BLOCK.docx,docx,14062,061ed4a48c40e93b750bb83f4bc48e10,1,1,
LORD V CDI/Doc for Uploading 1.18/BIRE Timeline copy.docx,docx,41583,ba7886079e5724de46c19a4ff59be6d2,1,1,
LORD V CDI/Doc for Uploading 1.18/Complaint TImeline.docx,docx,49226,d660fb89fa55161029191a8d335eccc9,1,1,
LORD V CDI/Doc for Uploading 1.18/EEOC_Complaint_Analysis_and_Recommendations.txt,txt,11825,3834084c9c837e0ed2b2561b8e3460ba,1,1,
LORD V CDI/Doc for Uploading 1.18/EEOC_Complaint_Lord_FINAL.docx,docx,53322,c2804bad61cdbc6bf0a6b86803e4bea1,2,0,EEOC_Complaint_Lord_FINAL.docx
LORD V CDI/Doc for Uploading 1.18/EEOC_Complaint_Timeline_Lord.docx,docx,34366,7b4a23297f30bc2bf6ed9b2c58f87eb6,2,0,EEOC_Complaint_Timeline_Lord.docx
LORD V CDI/Doc for Uploading 1.18/ESL Nov 14 T Phillips/CASE NOTES 11.14.25.docx,docx,17096,11d1d29a5a9354012cea05f1c293b736,1,1,
LORD V CDI/Doc for Uploading 1.18/ESL Nov 14 T Phillips/Case_Lord's Letter Corrected Page.docx,docx,35997,438a7cc3f89220250c566bab58e582f6,1,1,
LORD V CDI/Doc for Uploading 1.18/ESL Nov 14 T Phillips/Lt Thomas Phillips 251113 timeline & preservation.docx,docx,45758,820b4fc070509961bac519f63da43cb1,1,1,
LORD V CDI/Doc for Uploading 1.18/Elizabeth Lord Salary Letter[66].pdf,pdf,139813,6f53df4e65a677db2ec78ccea7f92b5f,1,1,
LORD V CDI/Doc for Uploading 1.18/Employment Proposal_VPM copy.docx,docx,20934,992a8f75b168d826c37b1ad06e51ac1d,1,1,
LORD V CDI/Doc for Uploading 1.18/Evidence of Performance/Biltmore Park Opening.JPG,jpg,165049,960ebbf3252dc6380ce182e9c6b06cda,1,1,
LORD V CDI/Doc for Uploading 1.18/Evidence of Performance/Brand Strategy Certification.png,png,155279,b57a8e4ee06e0229b70671455568ad80,1,1,
LORD V CDI/Doc for Uploading 1.18/Evidence of Performance/CertificateOfCompletion_InDesign 2021 Essential Training.pdf,pdf,221735,f9d48c2744e293a02fabf16e497e4e8f,1,1,
LORD V CDI/Doc for Uploading 1.18/Evidence of Performance/Connection Newsletter.png,png,1282031,2be908cf961c9541b355844295515664,1,1,
LORD V CDI/Doc for Uploading 1.18/Evidence of Performance/JAN 2025 Connection Point Newsletter (3).pdf,pdf,4263663,100b2c94c5e45c50fbd061cc85341956,1,1,
LORD V CDI/Doc for Uploading 1.18/Evidence of Performance/elizabeth-lord_25.pdf,pdf,87705,a6a50b59582f73df8f04f9baa81844f6,1,1,
LORD V CDI/Doc for Uploading 1.18/IMMEDIATE_ACTION_CHECKLIST.txt,txt,14111,6ac2d9a86d398540a2fb465654321137,1,1,
LORD V CDI/Doc for Uploading 1.18/INTEGRATION_GUIDE_Firearm_Incident.txt,txt,11758,c950be915f3a663a02be32bfffc517f8,1,1,
LORD V CDI/Doc for Uploading 1.18/Lord's Letter to Thomas Phillips.docx,docx,1726564,4356555e5063669d904d61f7c7228930,1,1,
LORD V CDI/Doc for Uploading 1.18/SM Calendar_Q2_Q3 copy.xlsx,xlsx,39813,faf93c2472c1522838d6020ed5f220ec,1,1,
LORD V CDI/Doc for Uploading 1.18/SM Calendar_Q2_Q3.xlsx,xlsx,39769,6451a45277f8dbfbb7765ca2cadc905c,1,1,
LORD V CDI/Doc for Uploading 1.18/SM Reporting sent to HC.docx,docx,17536,2a61b9c3711ea41a93dcf4ff1f41124d,3,0,LORD V CDI/Doc for Uploading 1.18/SM Reporting.docx
LORD V CDI/Doc for Uploading 1.18/SM Reporting.docx,docx,17536,2a61b9c3711ea41a93dcf4ff1f41124d,3,1,LORD V CDI/Doc for Uploading 1.18/SM Reporting.docx
LORD V CDI/Doc for Uploading 1.18/SM_Certification II.png,png,121778,e9baf2f41102256ad78fd1d2b22e66fb,1,1,
LORD V CDI/Doc for Uploading 1.18/Skip to content.docx,docx,23854,70bc215c94791fca29432b2a663915d4,2,1,LORD V CDI/Doc for Uploading 1.18/Skip to content.docx
LORD V CDI/Doc for Uploading 1.18/Strategic Details Needed.docx,docx,18628,cd9b8fd977287cdf3cf9a34cd0358fda,1,1,
LORD V CDI/Doc for Uploading 1.18/Time Off Request Hayley SHOWS AUTHORITY.png,png,166262,6f1681561617a833f22a999a67db1a8a,2,1,LORD V CDI/Doc for Uploading 1.18/Time Off Request Hayley SHOWS AUTHORITY.png
LORD V CDI/Doc for Uploading 1.18/Updated Case 11.12.25.docx,docx,34451,b226a0e6833d436f8b114153a8665a6c,1,1,
LORD V CDI/ELord_EEOC TIMELINE 12.15.25.xlsx,xlsx,74598,b51baba936392ef68a6a539679b1f7c9,1,1,
LORD V CDI/Email Exhibit GL Budget.png,png,186635,dd6aa84c64b5042610aee703790c6a6c,1,1,
LORD V CDI/Email HR Payroll.png,png,528807,4d7e6733785a6798871ab2b0e13d08ef,3,1,LORD V CDI/Email HR Payroll.png
LORD V CDI/Lord v CDI EXHIBITS/ELord_EEOC Updated TIMELINE 1.18.26.xlsx,xlsx,75826,7af0971e8e6af14568aeb4a6229552d5,3,0,Uploads/ELord_EEOC Updated TIMELINE 1.18.26.xlsx
LORD V CDI/Lord v CDI EXHIBITS/Employee Handbook 8-23-24.pdf,pdf,376796,cd8c04f46f9fd886d6a36f9add888bb5,1,1,
"LORD V CDI/Lord v CDI EXHIBITS/Employee Handbook September 23, 2025.pdf",pdf,480656,c9bcf341156e14ba7c97ec390e1e52b5,3,1,"LORD V CDI/Lord v CDI EXHIBITS/Employee Handbook September 23, 2025.pdf"
LORD V CDI/Lord v CDI EXHIBITS/Lord v CDI 2026 Broadstreet Update.docx,docx,39505,19771220f0de59107fbfc994c4614595,3,0,Uploads/Lord v CDI 2026 Broadstreet Update.docx
LORD V CDI/Lord v CDI EXHIBITS/Lord v CDI Annette Wrenn Promotion.docx,docx,278660,21e435bffe98d69a86264c295999786c,3,0,Uploads/Lord v CDI Annette Wrenn Promotion.docx
LORD V CDI/Lord v CDI EXHIBITS/Lord v CDI Audio Transcription of Review.docx,docx,41052,ce39d73e577cd89c62012466dcc7729e,1,1,
LORD V CDI/Lord v CDI EXHIBITS/Lord v CDI BIRE Hayley named Mktg Director.docx,docx,1187987,d46b30f4f5dd048a7e5f4df484e3cf39,1,1,
LORD V CDI/Lord v CDI EXHIBITS/Lord v CDI Email Chain Concerns.docx,docx,837554,7fa58d0af4a21e8ac3c46007ceb74d1b,3,0,Uploads/Lord v CDI Email Chain Concerns.docx
LORD V CDI/Lord v CDI EXHIBITS/Lord v CDI HR Mtg Response 3.13.25.docx,docx,17321,4d71e6325cee02bfb358db97b8ae8bf7,3,0,Uploads/Lord v CDI HR Mtg Response 3.13.25.docx
LORD V CDI/Lord v CDI EXHIBITS/Lord v CDI Req for Performance Review.docx,docx,306720,7598300b81151fb068f4af4e599eb28a,3,0,Uploads/Lord v CDI Req for Performance Review.docx
LORD V CDI/Lord v CDI EXHIBITS/Lord v CDI_Evidence of Fraud.docx,docx,529514,f342585a658557d2ce67b5ab284c6417,3,0,Uploads/Lord v CDI_Evidence of Fraud.docx
LORD V CDI/Rebuttal Notes 6.30.26.docx,docx,16737,7f429bf4c35ab121975a7db3900d302e,1,1,
LORD V CDI/S Roberts unsigned employment agreement.docx,docx,264018,9442db6b5fd90a69264a2896d7dc5f0a,1,1,
LORD V CDI/Screenshot 2026-01-18 at 1.05.24 PM.png,png,2153986,8c387f3d38d3f940829efc845b3c9300,1,1,
NLRB FILING DOCS 3.5/CHG.10-CA-381639.First Amended Charge Against Employer - CA Case (1).pdf,pdf,145379,d0ea212ded4dee6dc11c9f8403350ecb,2,0,NLRB FILING DOCS 3.5/CHG.10-CA-381639.First Amended Charge Against Employer - CA Case.pdf
NLRB FILING DOCS 3.5/CHG.10-CA-381639.First Amended Charge Against Employer - CA Case.pdf,pdf,145379,d0ea212ded4dee6dc11c9f8403350ecb,2,1,NLRB FILING DOCS 3.5/CHG.10-CA-381639.First Amended Charge Against Employer - CA Case.pdf
NLRB FILING DOCS 3.5/EXHIBIT+A_11.19.24_Organizational+Chart+Showing+Authority.png,png,147343,ea5d51fce5fac8a418fd3350fd864163,2,1,NLRB FILING DOCS 3.5/EXHIBIT+A_11.19.24_Organizational+Chart+Showing+Authority.png
NLRB FILING DOCS 3.5/Email 2.25 TPhillips Email Media Exposure.png,png,481076,d5ac2f7a078a069f5e6e93f794a0ef68,1,1,
NLRB FILING DOCS 3.5/Email HR Payroll.png,png,528807,4d7e6733785a6798871ab2b0e13d08ef,3,0,LORD V CDI/Email HR Payroll.png
NLRB FILING DOCS 3.5/HR Statement.docx,docx,15921,23f2cf5f1f72cefee147bfb996218d56,1,1,
NLRB FILING DOCS 3.5/Lord v CDI Audio Transcription of Disc Action.docx,docx,41190,6ecf9a7e876a858b4e3c8204ef08d18c,1,1,
NLRB FILING DOCS 3.5/Lord v CDI Req for Performance Review.docx,docx,306732,ba41c76002ff5e219cc6b614d5cf5c7b,1,1,
NLRB FILING DOCS 3.5/NLRB 3.1.26.docx,docx,21845,916124275e8d1d533c7e5128dcf32da1,1,1,
NLRB FILING DOCS 3.5/NLRB Affidavit Revisions 4.15.26.docx,docx,52511,329619edde7cc8a806fe1b0f381e8c91,1,1,
NLRB FILING DOCS 3.5/NLRB Efile Confirmation.html,html,176426,7db2be1012fbbd5d1ffe4a644cfbabd9,1,1,
NLRB FILING DOCS 3.5/NLRB Statement 3.9.26.docx,docx,21867,64c2e76c2d2982e75d58073d6fce0c3c,1,1,
NLRB FILING DOCS 3.5/NLRB Witness List 3.1.26.docx,docx,15793,8136da3fe22226085571ae943427a7d2,1,1,
NLRB FILING DOCS 3.5/Screenshot 2026-03-08 at 12.42.59 PM.png,png,314041,d6d0027e9d063eb7b1f7f5aec0b3d604,1,1,
NLRB FILING DOCS 3.5/Screenshot 2026-03-08 at 12.43.05 PM.png,png,340559,25213d663770e1652893a5bd02b91d4b,1,1,
NLRB FILING DOCS 3.5/Screenshot 2026-03-08 at 12.43.34 PM.png,png,398048,81cc5cfc7a045394ea02c4e00e8e6a76,1,1,
NLRB FILING DOCS 3.5/Screenshot 2026-03-08 at 4.22.20 PM.png,png,334067,8afa27e3ba4c70a5d05706a57bf6d9bc,1,1,
NLRB FILING DOCS 3.5/Screenshot 2026-03-09 at 6.26.24 PM.png,png,298255,9962d8794ea0980d231c00802278346a,1,1,
NLRB FILING DOCS 3.5/Screenshot 2026-03-09 at 6.26.39 PM.png,png,393838,5bd1c2ba05f597d76184b11c7e97e1c4,1,1,
Timeline Updated 11.30.25.pdf,pdf,600476,e35dcc4e08a3d5a4b202d00573136982,1,1,
Timeline Updated 11.30.25.xlsx,xlsx,88460,752290248e5fe3719dba9b4b38a0f69e,1,1,
Uploads/ELord_EEOC Updated TIMELINE 1.18.26.xlsx,xlsx,75826,7af0971e8e6af14568aeb4a6229552d5,3,1,Uploads/ELord_EEOC Updated TIMELINE 1.18.26.xlsx
Uploads/Lord v CDI 2026 Broadstreet Update.docx,docx,39505,19771220f0de59107fbfc994c4614595,3,1,Uploads/Lord v CDI 2026 Broadstreet Update.docx
Uploads/Lord v CDI Annette Wrenn Promotion.docx,docx,278660,21e435bffe98d69a86264c295999786c,3,1,Uploads/Lord v CDI Annette Wrenn Promotion.docx
Uploads/Lord v CDI Audio Transcription of Review.docx,docx,41196,11dced2db7f799c28e2f4279867f8e7a,1,1,
Uploads/Lord v CDI Email Chain Concerns.docx,docx,837554,7fa58d0af4a21e8ac3c46007ceb74d1b,3,1,Uploads/Lord v CDI Email Chain Concerns.docx
Uploads/Lord v CDI HR Mtg Response 3.13.25.docx,docx,17321,4d71e6325cee02bfb358db97b8ae8bf7,3,1,Uploads/Lord v CDI HR Mtg Response 3.13.25.docx
Uploads/Lord v CDI Req for Performance Review.docx,docx,306720,7598300b81151fb068f4af4e599eb28a,3,1,Uploads/Lord v CDI Req for Performance Review.docx
Uploads/Lord v CDI_Evidence of Fraud.docx,docx,529514,f342585a658557d2ce67b5ab284c6417,3,1,Uploads/Lord v CDI_Evidence of Fraud.docx
