curated_path,category,filename,source_in_archive,total_copies_in_archive,size_bytes
01_FILINGS/EEOC/436-2026-00670_CDI_ChargeOfDiscrimination.pdf,01_FILINGS/EEOC,436-2026-00670_CDI_ChargeOfDiscrimination.pdf,99_ARCHIVE/original-tree/EEOC 5.25.27 INVESTIGATION/EEOC FILING DOCS 3.25/WBS TO REVIEWED/436-2026-00670_CDI_ChargeOfDiscrimination.pdf,1,82953
01_FILINGS/EEOC/436-2026-00698_BIRE_ChargeOfDiscrimination.pdf,01_FILINGS/EEOC,436-2026-00698_BIRE_ChargeOfDiscrimination.pdf,99_ARCHIVE/original-tree/EEOC 5.25.27 INVESTIGATION/EEOC FILING DOCS 3.25/WBS TO REVIEWED/436-2026-00698_BIRE_ChargeOfDiscrimination.pdf,1,83074
01_FILINGS/EEOC/Calaude Seiniger EEOC_3.15.25.docx,01_FILINGS/EEOC,Calaude Seiniger EEOC_3.15.25.docx,99_ARCHIVE/original-tree/EEOC 5.25.27 INVESTIGATION/EEOC FILING DOCS 3.25/WBS TO REVIEWED/Calaude Seiniger EEOC_3.15.25.docx,1,27361
01_FILINGS/EEOC/Calude EEOC_Rebuttal_Lord_v2.docx,01_FILINGS/EEOC,Calude EEOC_Rebuttal_Lord_v2.docx,99_ARCHIVE/original-tree/EEOC 5.25.27 INVESTIGATION/EEOC FILING DOCS 3.25/WBS TO REVIEWED/Calude EEOC_Rebuttal_Lord_v2.docx,1,25580
01_FILINGS/EEOC/Complaint Exhibits.docx,01_FILINGS/EEOC,Complaint Exhibits.docx,99_ARCHIVE/original-tree/EEOC 5.25.27 INVESTIGATION/EEOC FILING DOCS 3.25/Exhibits for Copying/Complaint Exhibits.docx,1,23737
01_FILINGS/EEOC/Complaint Exhibits.pages,01_FILINGS/EEOC,Complaint Exhibits.pages,99_ARCHIVE/original-tree/EEOC 5.25.27 INVESTIGATION/EEOC FILING DOCS 3.25/Complaint Exhibits.pages,1,754618
01_FILINGS/EEOC/EEOC Charge No 3.9.26.docx,01_FILINGS/EEOC,EEOC Charge No 3.9.26.docx,99_ARCHIVE/original-tree/EEOC 5.25.27 INVESTIGATION/EEOC FILING DOCS 3.25/EEOC Charge No 3.9.26.docx,1,25012
01_FILINGS/EEOC/EEOC Charge Rebuttal 3.09.26.docx,01_FILINGS/EEOC,EEOC Charge Rebuttal 3.09.26.docx,99_ARCHIVE/original-tree/EEOC 5.25.27 INVESTIGATION/EEOC FILING DOCS 3.25/EEOC Charge Rebuttal 3.09.26.docx,1,25144
01_FILINGS/EEOC/EEOC Charge Response Rebuttal 3.10.26.docx,01_FILINGS/EEOC,EEOC Charge Response Rebuttal 3.10.26.docx,99_ARCHIVE/original-tree/EEOC 5.25.27 INVESTIGATION/EEOC FILING DOCS 3.25/WBS TO REVIEWED/EEOC Charge Response Rebuttal 3.10.26.docx,1,26872
01_FILINGS/EEOC/EEOC Charge Response Rebuttal.docx,01_FILINGS/EEOC,EEOC Charge Response Rebuttal.docx,99_ARCHIVE/original-tree/EEOC 5.25.27 INVESTIGATION/EEOC FILING DOCS 3.25/EEOC Charge Response Rebuttal.docx,1,26876
01_FILINGS/EEOC/EEOC Complaint Overview 5.21.26.docx,01_FILINGS/EEOC,EEOC Complaint Overview 5.21.26.docx,99_ARCHIVE/original-tree/EEOC 5.25.27 INVESTIGATION/EEOC Complaint Overview 5.21.26.docx,1,32841
01_FILINGS/EEOC/EEOC FILING INFO alias,01_FILINGS/EEOC,EEOC FILING INFO alias,99_ARCHIVE/original-tree/EEOC FILING INFO alias,1,1024
01_FILINGS/EEOC/EEOC Investigator Summary Brief 5.25.26.docx,01_FILINGS/EEOC,EEOC Investigator Summary Brief 5.25.26.docx,99_ARCHIVE/original-tree/EEOC 5.25.27 INVESTIGATION/EEOC Investigator Summary Brief 5.25.26.docx,1,29409
01_FILINGS/EEOC/EEOC Investigator Summary Brief.docx,01_FILINGS/EEOC,EEOC Investigator Summary Brief.docx,99_ARCHIVE/original-tree/EEOC 5.25.27 INVESTIGATION/EEOC Investigator Summary Brief.docx,1,32216
01_FILINGS/EEOC/EEOC_Complaint_Analysis_and_Recommendations.txt,01_FILINGS/EEOC,EEOC_Complaint_Analysis_and_Recommendations.txt,99_ARCHIVE/original-tree/LORD V CDI/Doc for Uploading 1.18/EEOC_Complaint_Analysis_and_Recommendations.txt,1,11825
01_FILINGS/EEOC/EEOC_Complaint_Lord_FINAL.docx,01_FILINGS/EEOC,EEOC_Complaint_Lord_FINAL.docx,99_ARCHIVE/original-tree/EEOC_Complaint_Lord_FINAL.docx,2,53322
01_FILINGS/EEOC/EEOC_FisherPhillips Response.pdf,01_FILINGS/EEOC,EEOC_FisherPhillips Response.pdf,99_ARCHIVE/original-tree/EEOC 5.25.27 INVESTIGATION/EEOC FILING DOCS 3.25/EEOC_FisherPhillips Response.pdf,1,260181
01_FILINGS/EEOC/EEOC_Ltr TPhillips Rep Risk.docx,01_FILINGS/EEOC,EEOC_Ltr TPhillips Rep Risk.docx,99_ARCHIVE/original-tree/EEOC 5.25.27 INVESTIGATION/EEOC FILING DOCS 3.25/EEOC_Ltr TPhillips Rep Risk.docx,1,16201
01_FILINGS/EEOC/EEOC_Rebuttal Ltr_Statement_3.17.26.docx,01_FILINGS/EEOC,EEOC_Rebuttal Ltr_Statement_3.17.26.docx,99_ARCHIVE/original-tree/EEOC 5.25.27 INVESTIGATION/EEOC FILING DOCS 3.25/EXHIBITS 3.15/EEOC_Rebuttal Ltr_Statement_3.17.26.docx,1,29906
01_FILINGS/EEOC/EEOC_Rebuttal_Blackstream.CDI_6_30_26.docx,01_FILINGS/EEOC,EEOC_Rebuttal_Blackstream.CDI_6_30_26.docx,99_ARCHIVE/original-tree/EEOC_Rebuttal_Blackstream.CDI_6_30_26.docx,1,3822830
01_FILINGS/EEOC/EEOC_Rebuttal_Lord_3.12.26.docx,01_FILINGS/EEOC,EEOC_Rebuttal_Lord_3.12.26.docx,99_ARCHIVE/original-tree/EEOC 5.25.27 INVESTIGATION/EEOC FILING DOCS 3.25/EEOC_Rebuttal_Lord_3.12.26.docx,1,28926
01_FILINGS/EEOC/EEOC_Rebuttal_Lord_REVISED.docx,01_FILINGS/EEOC,EEOC_Rebuttal_Lord_REVISED.docx,99_ARCHIVE/original-tree/EEOC 5.25.27 INVESTIGATION/EEOC FILING DOCS 3.25/WBS TO REVIEWED/EEOC_Rebuttal_Lord_REVISED.docx,1,28821
01_FILINGS/EEOC/EEOC_Response 3.15.25.docx,01_FILINGS/EEOC,EEOC_Response 3.15.25.docx,99_ARCHIVE/original-tree/EEOC 5.25.27 INVESTIGATION/EEOC FILING DOCS 3.25/EEOC_Response 3.15.25.docx,1,27344
01_FILINGS/EEOC/ELord Rebuttal 3.10.26.docx,01_FILINGS/EEOC,ELord Rebuttal 3.10.26.docx,99_ARCHIVE/original-tree/EEOC 5.25.27 INVESTIGATION/EEOC FILING DOCS 3.25/ELord Rebuttal 3.10.26.docx,1,23941
01_FILINGS/EEOC/ELord_ EEOC Response_3.17.26.pdf,01_FILINGS/EEOC,ELord_ EEOC Response_3.17.26.pdf,99_ARCHIVE/original-tree/EEOC 5.25.27 INVESTIGATION/EEOC FILING DOCS 3.25/ELord_ EEOC Response_3.17.26.pdf,1,178147
01_FILINGS/EEOC/Formal Notice of Claims 11.14.2025.pdf,01_FILINGS/EEOC,Formal Notice of Claims 11.14.2025.pdf,99_ARCHIVE/original-tree/Formal Notice of Claims 11.14.2025.pdf,1,1372493
01_FILINGS/EEOC/Formal Notice of Claims.pages,01_FILINGS/EEOC,Formal Notice of Claims.pages,99_ARCHIVE/original-tree/Formal Notice of Claims.pages,1,786893
01_FILINGS/EEOC/Rebuttal Notes 6.30.26.docx,01_FILINGS/EEOC,Rebuttal Notes 6.30.26.docx,99_ARCHIVE/original-tree/LORD V CDI/Rebuttal Notes 6.30.26.docx,1,16737
01_FILINGS/NLRB/CHG.10-CA-381639.First Amended Charge Against Employer - CA Case.pdf,01_FILINGS/NLRB,CHG.10-CA-381639.First Amended Charge Against Employer - CA Case.pdf,99_ARCHIVE/original-tree/NLRB FILING DOCS 3.5/CHG.10-CA-381639.First Amended Charge Against Employer - CA Case.pdf,2,145379
01_FILINGS/NLRB/NLRB 3.1.26.docx,01_FILINGS/NLRB,NLRB 3.1.26.docx,99_ARCHIVE/original-tree/NLRB FILING DOCS 3.5/NLRB 3.1.26.docx,1,21845
01_FILINGS/NLRB/NLRB Affidavit Revisions 4.15.26.docx,01_FILINGS/NLRB,NLRB Affidavit Revisions 4.15.26.docx,99_ARCHIVE/original-tree/NLRB FILING DOCS 3.5/NLRB Affidavit Revisions 4.15.26.docx,1,52511
01_FILINGS/NLRB/NLRB Efile Confirmation.html,01_FILINGS/NLRB,NLRB Efile Confirmation.html,99_ARCHIVE/original-tree/NLRB FILING DOCS 3.5/NLRB Efile Confirmation.html,1,176426
01_FILINGS/NLRB/NLRB Statement 3.9.26.docx,01_FILINGS/NLRB,NLRB Statement 3.9.26.docx,99_ARCHIVE/original-tree/NLRB FILING DOCS 3.5/NLRB Statement 3.9.26.docx,1,21867
01_FILINGS/NLRB/NLRB Witness List 3.1.26.docx,01_FILINGS/NLRB,NLRB Witness List 3.1.26.docx,99_ARCHIVE/original-tree/NLRB FILING DOCS 3.5/NLRB Witness List 3.1.26.docx,1,15793
01_FILINGS/NLRB/NLRB_DCK.10-CA-378814.Unassigned Queue - Letter to Charging Party.pdf,01_FILINGS/NLRB,NLRB_DCK.10-CA-378814.Unassigned Queue - Letter to Charging Party.pdf,99_ARCHIVE/original-tree/EEOC 5.25.27 INVESTIGATION/EEOC FILING DOCS 3.25/UPLOADS 2.23.26/NLRB_DCK.10-CA-378814.Unassigned Queue - Letter to Charging Party.pdf,1,221776
01_FILINGS/NLRB/Witness List 3.1.26.docx,01_FILINGS/NLRB,Witness List 3.1.26.docx,99_ARCHIVE/original-tree/EEOC 5.25.27 INVESTIGATION/EEOC FILING DOCS 3.25/EXHIBITS 3.15/Witness List 3.1.26.docx,1,16247
02_TIMELINES/BIRE Timeline copy.docx,02_TIMELINES,BIRE Timeline copy.docx,99_ARCHIVE/original-tree/LORD V CDI/Doc for Uploading 1.18/BIRE Timeline copy.docx,1,41583
02_TIMELINES/Complaint TImeline.docx,02_TIMELINES,Complaint TImeline.docx,99_ARCHIVE/original-tree/LORD V CDI/Doc for Uploading 1.18/Complaint TImeline.docx,1,49226
02_TIMELINES/EEOC_Complaint_Timeline_Lord.docx,02_TIMELINES,EEOC_Complaint_Timeline_Lord.docx,99_ARCHIVE/original-tree/EEOC_Complaint_Timeline_Lord.docx,2,34366
02_TIMELINES/ELord_EEOC TIMELINE 12.15.25.xlsx,02_TIMELINES,ELord_EEOC TIMELINE 12.15.25.xlsx,99_ARCHIVE/original-tree/LORD V CDI/ELord_EEOC TIMELINE 12.15.25.xlsx,1,74598
02_TIMELINES/ELord_EEOC Updated TIMELINE 1.18.26.xlsx,02_TIMELINES,ELord_EEOC Updated TIMELINE 1.18.26.xlsx,99_ARCHIVE/original-tree/Uploads/ELord_EEOC Updated TIMELINE 1.18.26.xlsx,3,75826
02_TIMELINES/ELord_EEOC Updated TIMELINE 2.28.26.xlsx,02_TIMELINES,ELord_EEOC Updated TIMELINE 2.28.26.xlsx,99_ARCHIVE/original-tree/EEOC 5.25.27 INVESTIGATION/EEOC FILING DOCS 3.25/ELord_EEOC Updated TIMELINE 2.28.26.xlsx,1,77231
02_TIMELINES/ELord_NLRB FULL TIMELINE 3.1.26.xlsx,02_TIMELINES,ELord_NLRB FULL TIMELINE 3.1.26.xlsx,99_ARCHIVE/original-tree/EEOC 5.25.27 INVESTIGATION/EEOC FILING DOCS 3.25/ELord_NLRB FULL TIMELINE 3.1.26.xlsx,1,79873
02_TIMELINES/ELord_NLRB Updated TIMELINE 2.28.26.xlsx,02_TIMELINES,ELord_NLRB Updated TIMELINE 2.28.26.xlsx,99_ARCHIVE/original-tree/EEOC 5.25.27 INVESTIGATION/EEOC FILING DOCS 3.25/UPLOADS 2.23.26/ELord_NLRB Updated TIMELINE 2.28.26.xlsx,1,79888
02_TIMELINES/ELord_NLRB Updated TIMELINE 3.1.26.xlsx,02_TIMELINES,ELord_NLRB Updated TIMELINE 3.1.26.xlsx,99_ARCHIVE/original-tree/EEOC 5.25.27 INVESTIGATION/EEOC FILING DOCS 3.25/UPLOADS 2.23.26/ELord_NLRB Updated TIMELINE 3.1.26.xlsx,1,79865
02_TIMELINES/Lt Thomas Phillips 251113 timeline & preservation.docx,02_TIMELINES,Lt Thomas Phillips 251113 timeline & preservation.docx,99_ARCHIVE/original-tree/LORD V CDI/Doc for Uploading 1.18/ESL Nov 14 T Phillips/Lt Thomas Phillips 251113 timeline & preservation.docx,1,45758
02_TIMELINES/Timeline Updated 11.30.25.pdf,02_TIMELINES,Timeline Updated 11.30.25.pdf,99_ARCHIVE/original-tree/Timeline Updated 11.30.25.pdf,1,600476
02_TIMELINES/Timeline Updated 11.30.25.xlsx,02_TIMELINES,Timeline Updated 11.30.25.xlsx,99_ARCHIVE/original-tree/Timeline Updated 11.30.25.xlsx,1,88460
02_TIMELINES/Timeline_ Lord v. CDI (2).xlsx,02_TIMELINES,Timeline_ Lord v. CDI (2).xlsx,99_ARCHIVE/original-tree/EEOC 5.25.27 INVESTIGATION/EEOC FILING DOCS 3.25/Timeline_ Lord v. CDI (2).xlsx,1,127451
02_TIMELINES/Timeline_ Lord v. CDI 1.4.26 copy.pdf,02_TIMELINES,Timeline_ Lord v. CDI 1.4.26 copy.pdf,99_ARCHIVE/original-tree/EEOC 5.25.27 INVESTIGATION/EEOC FILING DOCS 3.25/EEOC FILING INFO/Timeline_ Lord v. CDI 1.4.26 copy.pdf,1,5566220
02_TIMELINES/Timeline_ Lord v. CDI 1.4.26 copy.pdf.zip,02_TIMELINES,Timeline_ Lord v. CDI 1.4.26 copy.pdf.zip,99_ARCHIVE/original-tree/EEOC 5.25.27 INVESTIGATION/EEOC FILING DOCS 3.25/EEOC FILING INFO/Timeline_ Lord v. CDI 1.4.26 copy.pdf.zip,1,5356238
02_TIMELINES/UPDATED TIMELINE 3.1.26.xlsx,02_TIMELINES,UPDATED TIMELINE 3.1.26.xlsx,99_ARCHIVE/original-tree/EEOC 5.25.27 INVESTIGATION/UPDATED TIMELINE 3.1.26.xlsx,1,77956
02_TIMELINES/UPDATED TIMELINE 3.1.26__1.xlsx,02_TIMELINES,UPDATED TIMELINE 3.1.26.xlsx,99_ARCHIVE/original-tree/EEOC 5.25.27 INVESTIGATION/EEOC FILING DOCS 3.25/EXHIBITS 3.15/UPDATED TIMELINE 3.1.26.xlsx,1,78244
02_TIMELINES/UPDATED TIMELINE 5.21.26.xlsx,02_TIMELINES,UPDATED TIMELINE 5.21.26.xlsx,99_ARCHIVE/original-tree/EEOC 5.25.27 INVESTIGATION/UPDATED TIMELINE 5.21.26.xlsx,1,79514
02_TIMELINES/UPDATED TIMELINE 5.21.26__1.xlsx,02_TIMELINES,UPDATED TIMELINE 5.21.26.xlsx,99_ARCHIVE/original-tree/EEOC 5.25.27 INVESTIGATION/EEOC FILING DOCS 3.25/EXHIBITS 3.15/UPDATED TIMELINE 5.21.26.xlsx,1,79692
02_TIMELINES/UPDATED TIMELINE 5.25.26 copy.xlsx,02_TIMELINES,UPDATED TIMELINE 5.25.26 copy.xlsx,99_ARCHIVE/original-tree/EEOC 5.25.27 INVESTIGATION/UPDATED TIMELINE 5.25.26 copy.xlsx,1,79869
02_TIMELINES/UPDATED TIMELINE 5.25.26.xlsx,02_TIMELINES,UPDATED TIMELINE 5.25.26.xlsx,99_ARCHIVE/original-tree/EEOC 5.25.27 INVESTIGATION/UPDATED TIMELINE 5.25.26.xlsx,1,79814
03_EVIDENCE/audio-transcripts/Lord v CDI Audio Transcription of Disc Action.docx,03_EVIDENCE/audio-transcripts,Lord v CDI Audio Transcription of Disc Action.docx,99_ARCHIVE/original-tree/NLRB FILING DOCS 3.5/Lord v CDI Audio Transcription of Disc Action.docx,1,41190
03_EVIDENCE/audio-transcripts/Lord v CDI Audio Transcription of Review.docx,03_EVIDENCE/audio-transcripts,Lord v CDI Audio Transcription of Review.docx,99_ARCHIVE/original-tree/LORD V CDI/Lord v CDI EXHIBITS/Lord v CDI Audio Transcription of Review.docx,1,41052
03_EVIDENCE/audio-transcripts/Lord v CDI Audio Transcription of Review__1.docx,03_EVIDENCE/audio-transcripts,Lord v CDI Audio Transcription of Review.docx,99_ARCHIVE/original-tree/Uploads/Lord v CDI Audio Transcription of Review.docx,1,41196
03_EVIDENCE/audio-transcripts/Lord v CDI Audio Transcription of Review__2.docx,03_EVIDENCE/audio-transcripts,Lord v CDI Audio Transcription of Review.docx,99_ARCHIVE/original-tree/EEOC 5.25.27 INVESTIGATION/EEOC FILING DOCS 3.25/UPLOADS 2.23.26/Lord v CDI Audio Transcription of Review.docx,1,42363
03_EVIDENCE/documents/2025 Employee Performance Review 12.15.25.pdf,03_EVIDENCE/documents,2025 Employee Performance Review 12.15.25.pdf,99_ARCHIVE/original-tree/EEOC 5.25.27 INVESTIGATION/2025 Employee Performance Review 12.15.25.pdf,1,9975082
03_EVIDENCE/documents/5.13.25 Document_Employment Agreement 5.13.25- Elizabeth Lord[9].pdf,03_EVIDENCE/documents,5.13.25 Document_Employment Agreement 5.13.25- Elizabeth Lord[9].pdf,99_ARCHIVE/original-tree/EEOC 5.25.27 INVESTIGATION/EEOC FILING DOCS 3.25/5.13.25 Document_Employment Agreement 5.13.25- Elizabeth Lord[9].pdf,2,224431
03_EVIDENCE/documents/Age Disc Laws.docx,03_EVIDENCE/documents,Age Disc Laws.docx,99_ARCHIVE/original-tree/LORD V CDI/Doc for Uploading 1.18/Age Disc Laws.docx,1,18932
03_EVIDENCE/documents/BIRE_2023 Job Description_Marketing Director.docx,03_EVIDENCE/documents,BIRE_2023 Job Description_Marketing Director.docx,99_ARCHIVE/original-tree/EEOC 5.25.27 INVESTIGATION/BIRE_2023 Job Description_Marketing Director.docx,1,16817
03_EVIDENCE/documents/CA_Marketing Director Job Description from HR.pdf,03_EVIDENCE/documents,CA_Marketing Director Job Description from HR.pdf,99_ARCHIVE/original-tree/EEOC 5.25.27 INVESTIGATION/CA_Marketing Director Job Description from HR.pdf,1,183180
03_EVIDENCE/documents/Case Doc Evidence.docx,03_EVIDENCE/documents,Case Doc Evidence.docx,99_ARCHIVE/original-tree/LORD V CDI/Case Doc Evidence.docx,1,17004
03_EVIDENCE/documents/Case_Lord's Letter Corrected Page.docx,03_EVIDENCE/documents,Case_Lord's Letter Corrected Page.docx,99_ARCHIVE/original-tree/LORD V CDI/Doc for Uploading 1.18/ESL Nov 14 T Phillips/Case_Lord's Letter Corrected Page.docx,1,35997
03_EVIDENCE/documents/CertificateOfCompletion_InDesign 2021 Essential Training.pdf,03_EVIDENCE/documents,CertificateOfCompletion_InDesign 2021 Essential Training.pdf,99_ARCHIVE/original-tree/LORD V CDI/Doc for Uploading 1.18/Evidence of Performance/CertificateOfCompletion_InDesign 2021 Essential Training.pdf,1,221735
03_EVIDENCE/documents/Dear Mr.docx,03_EVIDENCE/documents,Dear Mr.docx,99_ARCHIVE/original-tree/EEOC 5.25.27 INVESTIGATION/EEOC FILING DOCS 3.25/Dear Mr.docx,1,17570
03_EVIDENCE/documents/ELord_CV_6.21.26.docx,03_EVIDENCE/documents,ELord_CV_6.21.26.docx,99_ARCHIVE/original-tree/ELord_CV_6.21.26.docx,1,20609
03_EVIDENCE/documents/Elizabeth Lord Salary Letter[66].pdf,03_EVIDENCE/documents,Elizabeth Lord Salary Letter[66].pdf,99_ARCHIVE/original-tree/LORD V CDI/Doc for Uploading 1.18/Elizabeth Lord Salary Letter[66].pdf,1,139813
03_EVIDENCE/documents/Employee Handbook 8-23-24.pdf,03_EVIDENCE/documents,Employee Handbook 8-23-24.pdf,99_ARCHIVE/original-tree/LORD V CDI/Lord v CDI EXHIBITS/Employee Handbook 8-23-24.pdf,1,376796
"03_EVIDENCE/documents/Employee Handbook September 23, 2025.pdf",03_EVIDENCE/documents,"Employee Handbook September 23, 2025.pdf","99_ARCHIVE/original-tree/LORD V CDI/Lord v CDI EXHIBITS/Employee Handbook September 23, 2025.pdf",3,480656
03_EVIDENCE/documents/Employee Self Review Form (final).pdf,03_EVIDENCE/documents,Employee Self Review Form (final).pdf,99_ARCHIVE/original-tree/EEOC 5.25.27 INVESTIGATION/EEOC FILING DOCS 3.25/Exhibits for Copying/Employee Self Review Form (final).pdf,1,139624
03_EVIDENCE/documents/Employment Agreement - Elizabeth Lord_18342770417924320763.pdf,03_EVIDENCE/documents,Employment Agreement - Elizabeth Lord_18342770417924320763.pdf,99_ARCHIVE/original-tree/EEOC 5.25.27 INVESTIGATION/Employment Agreement - Elizabeth Lord_18342770417924320763.pdf,1,224434
03_EVIDENCE/documents/JAN 2025 Connection Point Newsletter (3).pdf,03_EVIDENCE/documents,JAN 2025 Connection Point Newsletter (3).pdf,99_ARCHIVE/original-tree/LORD V CDI/Doc for Uploading 1.18/Evidence of Performance/JAN 2025 Connection Point Newsletter (3).pdf,1,4263663
03_EVIDENCE/documents/Lord v CDI 2026 Broadstreet Update.docx,03_EVIDENCE/documents,Lord v CDI 2026 Broadstreet Update.docx,99_ARCHIVE/original-tree/Uploads/Lord v CDI 2026 Broadstreet Update.docx,3,39505
03_EVIDENCE/documents/Lord v CDI 3.19 Removal of Duties Gun Report.docx,03_EVIDENCE/documents,Lord v CDI 3.19 Removal of Duties Gun Report.docx,99_ARCHIVE/original-tree/EEOC 5.25.27 INVESTIGATION/EEOC FILING DOCS 3.25/Lord v CDI 3.19 Removal of Duties Gun Report.docx,1,251069
03_EVIDENCE/documents/Lord v CDI Annette Wrenn Promotion.docx,03_EVIDENCE/documents,Lord v CDI Annette Wrenn Promotion.docx,99_ARCHIVE/original-tree/Uploads/Lord v CDI Annette Wrenn Promotion.docx,3,278660
03_EVIDENCE/documents/Lord v CDI BIRE Hayley Cape as Mktg Director.pdf,03_EVIDENCE/documents,Lord v CDI BIRE Hayley Cape as Mktg Director.pdf,99_ARCHIVE/original-tree/EEOC 5.25.27 INVESTIGATION/EEOC FILING DOCS 3.25/Lord v CDI BIRE Hayley Cape as Mktg Director.pdf,1,151613
03_EVIDENCE/documents/Lord v CDI BIRE Hayley named Mktg Director.docx,03_EVIDENCE/documents,Lord v CDI BIRE Hayley named Mktg Director.docx,99_ARCHIVE/original-tree/LORD V CDI/Lord v CDI EXHIBITS/Lord v CDI BIRE Hayley named Mktg Director.docx,1,1187987
03_EVIDENCE/documents/Lord v CDI Disciplinary Action.pdf,03_EVIDENCE/documents,Lord v CDI Disciplinary Action.pdf,99_ARCHIVE/original-tree/EEOC 5.25.27 INVESTIGATION/EEOC FILING DOCS 3.25/Lord v CDI Disciplinary Action.pdf,1,229331
03_EVIDENCE/documents/Lord v CDI Job Change.pdf,03_EVIDENCE/documents,Lord v CDI Job Change.pdf,99_ARCHIVE/original-tree/EEOC 5.25.27 INVESTIGATION/EEOC FILING DOCS 3.25/UPLOADS 2.23.26/Lord v CDI Job Change.pdf,1,271826
03_EVIDENCE/documents/Lord v CDI_Removal of Office.docx,03_EVIDENCE/documents,Lord v CDI_Removal of Office.docx,99_ARCHIVE/original-tree/EEOC 5.25.27 INVESTIGATION/EEOC FILING DOCS 3.25/UPLOADS 2.23.26/Lord v CDI_Removal of Office.docx,1,232235
03_EVIDENCE/documents/Lord's Letter to Thomas Phillips.docx,03_EVIDENCE/documents,Lord's Letter to Thomas Phillips.docx,99_ARCHIVE/original-tree/LORD V CDI/Doc for Uploading 1.18/Lord's Letter to Thomas Phillips.docx,1,1726564
03_EVIDENCE/documents/Ltr_Formal Complant.docx,03_EVIDENCE/documents,Ltr_Formal Complant.docx,99_ARCHIVE/original-tree/EEOC 5.25.27 INVESTIGATION/EEOC FILING DOCS 3.25/UPLOADS 2.23.26/Ltr_Formal Complant.docx,1,46257
03_EVIDENCE/documents/Ltr_Preservation 11.12.25.docx,03_EVIDENCE/documents,Ltr_Preservation 11.12.25.docx,99_ARCHIVE/original-tree/EEOC 5.25.27 INVESTIGATION/EEOC FILING DOCS 3.25/Ltr_Preservation 11.12.25.docx,1,21717
03_EVIDENCE/documents/S Roberts unsigned employment agreement.docx,03_EVIDENCE/documents,S Roberts unsigned employment agreement.docx,99_ARCHIVE/original-tree/LORD V CDI/S Roberts unsigned employment agreement.docx,1,264018
03_EVIDENCE/documents/SM Calendar_Q2_Q3 copy.xlsx,03_EVIDENCE/documents,SM Calendar_Q2_Q3 copy.xlsx,99_ARCHIVE/original-tree/LORD V CDI/Doc for Uploading 1.18/SM Calendar_Q2_Q3 copy.xlsx,1,39813
03_EVIDENCE/documents/SM Calendar_Q2_Q3.xlsx,03_EVIDENCE/documents,SM Calendar_Q2_Q3.xlsx,99_ARCHIVE/original-tree/LORD V CDI/Doc for Uploading 1.18/SM Calendar_Q2_Q3.xlsx,1,39769
03_EVIDENCE/documents/Skip to content.docx,03_EVIDENCE/documents,Skip to content.docx,99_ARCHIVE/original-tree/LORD V CDI/Doc for Uploading 1.18/Skip to content.docx,2,23854
03_EVIDENCE/documents/Strategic Details Needed.docx,03_EVIDENCE/documents,Strategic Details Needed.docx,99_ARCHIVE/original-tree/LORD V CDI/Doc for Uploading 1.18/Strategic Details Needed.docx,1,18628
03_EVIDENCE/documents/Updated Case 11.12.25.docx,03_EVIDENCE/documents,Updated Case 11.12.25.docx,99_ARCHIVE/original-tree/LORD V CDI/Doc for Uploading 1.18/Updated Case 11.12.25.docx,1,34451
03_EVIDENCE/documents/elizabeth-lord_25.pdf,03_EVIDENCE/documents,elizabeth-lord_25.pdf,99_ARCHIVE/original-tree/LORD V CDI/Doc for Uploading 1.18/Evidence of Performance/elizabeth-lord_25.pdf,1,87705
03_EVIDENCE/emails/05.23.25 Email HC SR Access.png,03_EVIDENCE/emails,05.23.25 Email HC SR Access.png,99_ARCHIVE/original-tree/EEOC 5.25.27 INVESTIGATION/EEOC FILING DOCS 3.25/EEOC FILING INFO/05.23.25 Email HC SR Access.png,1,391618
03_EVIDENCE/emails/3.25 Email Cam RE Gun Meeting.png,03_EVIDENCE/emails,3.25 Email Cam RE Gun Meeting.png,99_ARCHIVE/original-tree/EEOC 5.25.27 INVESTIGATION/EEOC FILING DOCS 3.25/EEOC FILING INFO/3.25 Email Cam RE Gun Meeting.png,2,1298805
03_EVIDENCE/emails/4.16.25 Email Cam 4.16.25 .png,03_EVIDENCE/emails,4.16.25 Email Cam 4.16.25 .png,99_ARCHIVE/original-tree/EEOC 5.25.27 INVESTIGATION/EEOC FILING DOCS 3.25/EEOC FILING INFO/4.16.25 Email Cam 4.16.25 .png,2,117951
03_EVIDENCE/emails/4.25.25 EMAIL_ Cam Email Followup.png,03_EVIDENCE/emails,4.25.25 EMAIL_ Cam Email Followup.png,99_ARCHIVE/original-tree/EEOC 5.25.27 INVESTIGATION/EEOC FILING DOCS 3.25/EEOC FILING INFO/4.25.25 EMAIL_ Cam Email Followup.png,2,150960
03_EVIDENCE/emails/5.12.25 Email Cam Empl Agreement.png,03_EVIDENCE/emails,5.12.25 Email Cam Empl Agreement.png,99_ARCHIVE/original-tree/EEOC 5.25.27 INVESTIGATION/EEOC FILING DOCS 3.25/EEOC FILING INFO/5.12.25 Email Cam Empl Agreement.png,1,349378
03_EVIDENCE/emails/5.12.25 Email Cam Mtg Request.png,03_EVIDENCE/emails,5.12.25 Email Cam Mtg Request.png,99_ARCHIVE/original-tree/EEOC 5.25.27 INVESTIGATION/EEOC FILING DOCS 3.25/EEOC FILING INFO/5.12.25 Email Cam Mtg Request.png,1,335388
03_EVIDENCE/emails/5.12.25 Email Cam Role .png,03_EVIDENCE/emails,5.12.25 Email Cam Role .png,99_ARCHIVE/original-tree/EEOC 5.25.27 INVESTIGATION/EEOC FILING DOCS 3.25/EEOC FILING INFO/5.12.25 Email Cam Role .png,1,319867
03_EVIDENCE/emails/6.5.25 Email Cam CB Hostility.png,03_EVIDENCE/emails,6.5.25 Email Cam CB Hostility.png,99_ARCHIVE/original-tree/EEOC 5.25.27 INVESTIGATION/EEOC FILING DOCS 3.25/EEOC FILING INFO/6.5.25 Email Cam CB Hostility.png,1,415491
03_EVIDENCE/emails/6.5.25 Email to Cam Web Access.png,03_EVIDENCE/emails,6.5.25 Email to Cam Web Access.png,99_ARCHIVE/original-tree/EEOC 5.25.27 INVESTIGATION/EEOC FILING DOCS 3.25/EEOC FILING INFO/6.5.25 Email to Cam Web Access.png,1,307253
03_EVIDENCE/emails/9.23.25 Email Connor P Proof of Eff.png,03_EVIDENCE/emails,9.23.25 Email Connor P Proof of Eff.png,99_ARCHIVE/original-tree/EEOC 5.25.27 INVESTIGATION/EEOC FILING DOCS 3.25/EEOC FILING INFO/9.23.25 Email Connor P Proof of Eff.png,1,271798
03_EVIDENCE/emails/BIRE EMAIL BLOCK.docx,03_EVIDENCE/emails,BIRE EMAIL BLOCK.docx,99_ARCHIVE/original-tree/LORD V CDI/Doc for Uploading 1.18/BIRE EMAIL BLOCK.docx,1,14062
03_EVIDENCE/emails/Case Email Meeting Gun 2025-11-13 at 8.36.15 PM.png,03_EVIDENCE/emails,Case Email Meeting Gun 2025-11-13 at 8.36.15 PM.png,99_ARCHIVE/original-tree/EEOC 5.25.27 INVESTIGATION/EEOC FILING DOCS 3.25/EEOC FILING INFO/Case Email Meeting Gun 2025-11-13 at 8.36.15 PM.png,1,1063323
03_EVIDENCE/emails/Case_4.15.23 Email ESL to Cam.png,03_EVIDENCE/emails,Case_4.15.23 Email ESL to Cam.png,99_ARCHIVE/original-tree/EEOC 5.25.27 INVESTIGATION/EEOC FILING DOCS 3.25/Case_4.15.23 Email ESL to Cam.png,3,172716
03_EVIDENCE/emails/EMAIL HC Google Bus Prof Req.eml,03_EVIDENCE/emails,EMAIL HC Google Bus Prof Req.eml,99_ARCHIVE/original-tree/EEOC 5.25.27 INVESTIGATION/EEOC FILING DOCS 3.25/Exhibits for Copying/EMAIL HC Google Bus Prof Req.eml,2,371547
03_EVIDENCE/emails/EMAIL No Responses.png,03_EVIDENCE/emails,EMAIL No Responses.png,99_ARCHIVE/original-tree/EEOC 5.25.27 INVESTIGATION/EEOC FILING DOCS 3.25/Exhibits for Copying/EMAIL No Responses.png,2,86353
03_EVIDENCE/emails/EMAIL_ALL HANDS NEW OFFICE.eml,03_EVIDENCE/emails,EMAIL_ALL HANDS NEW OFFICE.eml,99_ARCHIVE/original-tree/EEOC 5.25.27 INVESTIGATION/EEOC FILING DOCS 3.25/Exhibits for Copying/EMAIL_ALL HANDS NEW OFFICE.eml,1,10963
03_EVIDENCE/emails/EMAIL_Christine Brodsky Refusal  2025-11-12 at 10.30.50 AM.png,03_EVIDENCE/emails,EMAIL_Christine Brodsky Refusal  2025-11-12 at 10.30.50 AM.png,99_ARCHIVE/original-tree/EEOC 5.25.27 INVESTIGATION/EEOC FILING DOCS 3.25/EEOC FILING INFO/EMAIL_Christine Brodsky Refusal  2025-11-12 at 10.30.50 AM.png,1,313850
03_EVIDENCE/emails/EMAIL_HR 04.25.25.docx,03_EVIDENCE/emails,EMAIL_HR 04.25.25.docx,99_ARCHIVE/original-tree/EEOC 5.25.27 INVESTIGATION/EEOC FILING DOCS 3.25/Exhibits for Copying/EMAIL_HR 04.25.25.docx,2,16878
03_EVIDENCE/emails/Email 2.25 TPhillips Email Media Exposure.png,03_EVIDENCE/emails,Email 2.25 TPhillips Email Media Exposure.png,99_ARCHIVE/original-tree/NLRB FILING DOCS 3.5/Email 2.25 TPhillips Email Media Exposure.png,1,481076
03_EVIDENCE/emails/Email CB photo requ 2025-11-12 at 10.25.00 AM.png,03_EVIDENCE/emails,Email CB photo requ 2025-11-12 at 10.25.00 AM.png,99_ARCHIVE/original-tree/EEOC 5.25.27 INVESTIGATION/EEOC FILING DOCS 3.25/EEOC FILING INFO/Email CB photo requ 2025-11-12 at 10.25.00 AM.png,1,278292
03_EVIDENCE/emails/Email HR Payroll.png,03_EVIDENCE/emails,Email HR Payroll.png,99_ARCHIVE/original-tree/LORD V CDI/Email HR Payroll.png,3,528807
03_EVIDENCE/emails/Email Hayley Announced as MD.docx,03_EVIDENCE/emails,Email Hayley Announced as MD.docx,99_ARCHIVE/original-tree/EEOC 5.25.27 INVESTIGATION/EEOC FILING DOCS 3.25/WBS TO REVIEWED/Email Hayley Announced as MD.docx,1,14755
03_EVIDENCE/emails/Email Hayleys Sig Blk 2025-11-13 at 7.20.07 PM.png,03_EVIDENCE/emails,Email Hayleys Sig Blk 2025-11-13 at 7.20.07 PM.png,99_ARCHIVE/original-tree/EEOC 5.25.27 INVESTIGATION/EEOC FILING DOCS 3.25/Email Hayleys Sig Blk 2025-11-13 at 7.20.07 PM.png,1,363639
03_EVIDENCE/emails/Email Josh Media Request 2025-11-14 at 7.39.59 AM.png,03_EVIDENCE/emails,Email Josh Media Request 2025-11-14 at 7.39.59 AM.png,99_ARCHIVE/original-tree/EEOC 5.25.27 INVESTIGATION/EEOC FILING DOCS 3.25/EEOC FILING INFO/Email Josh Media Request 2025-11-14 at 7.39.59 AM.png,1,489129
03_EVIDENCE/emails/Email Paul Luck Press Release 2025-11-14 at 7.36.23 AM.png,03_EVIDENCE/emails,Email Paul Luck Press Release 2025-11-14 at 7.36.23 AM.png,99_ARCHIVE/original-tree/EEOC 5.25.27 INVESTIGATION/EEOC FILING DOCS 3.25/EEOC FILING INFO/Email Paul Luck Press Release 2025-11-14 at 7.36.23 AM.png,1,277812
03_EVIDENCE/emails/Email Website Ownership 2.16.26.pages,03_EVIDENCE/emails,Email Website Ownership 2.16.26.pages,99_ARCHIVE/original-tree/EEOC 5.25.27 INVESTIGATION/EEOC FILING DOCS 3.25/Email Website Ownership 2.16.26.pages,1,762650
03_EVIDENCE/emails/Email to Ford All Hands Event 2025-11-14 at 7.34.56 AM.png,03_EVIDENCE/emails,Email to Ford All Hands Event 2025-11-14 at 7.34.56 AM.png,99_ARCHIVE/original-tree/EEOC 5.25.27 INVESTIGATION/EEOC FILING DOCS 3.25/EEOC FILING INFO/Email to Ford All Hands Event 2025-11-14 at 7.34.56 AM.png,1,854220
03_EVIDENCE/emails/Email_ConnorP Fantastic.eml,03_EVIDENCE/emails,Email_ConnorP Fantastic.eml,99_ARCHIVE/original-tree/EEOC 5.25.27 INVESTIGATION/EEOC FILING DOCS 3.25/Exhibits for Copying/Email_ConnorP Fantastic.eml,2,72565
03_EVIDENCE/emails/Email_MM Lissa Lipsey .png,03_EVIDENCE/emails,Email_MM Lissa Lipsey .png,99_ARCHIVE/original-tree/EEOC 5.25.27 INVESTIGATION/EEOC FILING DOCS 3.25/Exhibits for Copying/Email_MM Lissa Lipsey .png,3,363994
03_EVIDENCE/emails/Email_Monthly Meeting w Ford.png,03_EVIDENCE/emails,Email_Monthly Meeting w Ford.png,99_ARCHIVE/original-tree/EEOC 5.25.27 INVESTIGATION/EEOC FILING DOCS 3.25/Exhibits for Copying/Email_Monthly Meeting w Ford.png,2,56075
03_EVIDENCE/emails/Lord v CDI Email Chain Concerns.docx,03_EVIDENCE/emails,Lord v CDI Email Chain Concerns.docx,99_ARCHIVE/original-tree/Uploads/Lord v CDI Email Chain Concerns.docx,3,837554
03_EVIDENCE/images-screenshots/2.14.25 AWrenn Title Announcement.png,03_EVIDENCE/images-screenshots,2.14.25 AWrenn Title Announcement.png,99_ARCHIVE/original-tree/EEOC 5.25.27 INVESTIGATION/EEOC FILING DOCS 3.25/EEOC FILING INFO/2.14.25 AWrenn Title Announcement.png,1,243979
03_EVIDENCE/images-screenshots/BIRE FRI ACTIVITY REPORT BRODSKY RE HC Metrics.png,03_EVIDENCE/images-screenshots,BIRE FRI ACTIVITY REPORT BRODSKY RE HC Metrics.png,99_ARCHIVE/original-tree/EEOC 5.25.27 INVESTIGATION/EEOC FILING DOCS 3.25/EEOC FILING INFO/BIRE FRI ACTIVITY REPORT BRODSKY RE HC Metrics.png,1,562194
03_EVIDENCE/images-screenshots/Biltmore Park Opening.JPG,03_EVIDENCE/images-screenshots,Biltmore Park Opening.JPG,99_ARCHIVE/original-tree/LORD V CDI/Doc for Uploading 1.18/Evidence of Performance/Biltmore Park Opening.JPG,1,165049
03_EVIDENCE/images-screenshots/Brand Strategy Certification.png,03_EVIDENCE/images-screenshots,Brand Strategy Certification.png,99_ARCHIVE/original-tree/LORD V CDI/Doc for Uploading 1.18/Evidence of Performance/Brand Strategy Certification.png,1,155279
03_EVIDENCE/images-screenshots/Cam Gun Meeting.png,03_EVIDENCE/images-screenshots,Cam Gun Meeting.png,99_ARCHIVE/original-tree/EEOC 5.25.27 INVESTIGATION/EEOC FILING DOCS 3.25/Cam Gun Meeting.png,3,1402483
03_EVIDENCE/images-screenshots/Connection Newsletter.png,03_EVIDENCE/images-screenshots,Connection Newsletter.png,99_ARCHIVE/original-tree/LORD V CDI/Doc for Uploading 1.18/Evidence of Performance/Connection Newsletter.png,1,1282031
03_EVIDENCE/images-screenshots/Ford URL Order CH 2025-11-13 at 2.43.11 PM.png,03_EVIDENCE/images-screenshots,Ford URL Order CH 2025-11-13 at 2.43.11 PM.png,99_ARCHIVE/original-tree/EEOC 5.25.27 INVESTIGATION/EEOC FILING DOCS 3.25/EEOC FILING INFO/Ford URL Order CH 2025-11-13 at 2.43.11 PM.png,1,251253
03_EVIDENCE/images-screenshots/SM_Certification II.png,03_EVIDENCE/images-screenshots,SM_Certification II.png,99_ARCHIVE/original-tree/LORD V CDI/Doc for Uploading 1.18/SM_Certification II.png,1,121778
03_EVIDENCE/images-screenshots/Screenshot 2026-01-04 at 11.10.24 AM.png,03_EVIDENCE/images-screenshots,Screenshot 2026-01-04 at 11.10.24 AM.png,99_ARCHIVE/original-tree/EEOC 5.25.27 INVESTIGATION/EEOC FILING DOCS 3.25/EEOC FILING INFO/Screenshot 2026-01-04 at 11.10.24 AM.png,1,211083
03_EVIDENCE/images-screenshots/Screenshot 2026-01-18 at 1.05.24 PM.png,03_EVIDENCE/images-screenshots,Screenshot 2026-01-18 at 1.05.24 PM.png,99_ARCHIVE/original-tree/LORD V CDI/Screenshot 2026-01-18 at 1.05.24 PM.png,1,2153986
03_EVIDENCE/images-screenshots/Screenshot 2026-03-08 at 12.42.59 PM.png,03_EVIDENCE/images-screenshots,Screenshot 2026-03-08 at 12.42.59 PM.png,99_ARCHIVE/original-tree/NLRB FILING DOCS 3.5/Screenshot 2026-03-08 at 12.42.59 PM.png,1,314041
03_EVIDENCE/images-screenshots/Screenshot 2026-03-08 at 12.43.05 PM.png,03_EVIDENCE/images-screenshots,Screenshot 2026-03-08 at 12.43.05 PM.png,99_ARCHIVE/original-tree/NLRB FILING DOCS 3.5/Screenshot 2026-03-08 at 12.43.05 PM.png,1,340559
03_EVIDENCE/images-screenshots/Screenshot 2026-03-08 at 12.43.34 PM.png,03_EVIDENCE/images-screenshots,Screenshot 2026-03-08 at 12.43.34 PM.png,99_ARCHIVE/original-tree/NLRB FILING DOCS 3.5/Screenshot 2026-03-08 at 12.43.34 PM.png,1,398048
03_EVIDENCE/images-screenshots/Screenshot 2026-03-08 at 4.22.20 PM.png,03_EVIDENCE/images-screenshots,Screenshot 2026-03-08 at 4.22.20 PM.png,99_ARCHIVE/original-tree/NLRB FILING DOCS 3.5/Screenshot 2026-03-08 at 4.22.20 PM.png,1,334067
03_EVIDENCE/images-screenshots/Screenshot 2026-03-09 at 6.26.24 PM.png,03_EVIDENCE/images-screenshots,Screenshot 2026-03-09 at 6.26.24 PM.png,99_ARCHIVE/original-tree/NLRB FILING DOCS 3.5/Screenshot 2026-03-09 at 6.26.24 PM.png,1,298255
03_EVIDENCE/images-screenshots/Screenshot 2026-03-09 at 6.26.39 PM.png,03_EVIDENCE/images-screenshots,Screenshot 2026-03-09 at 6.26.39 PM.png,99_ARCHIVE/original-tree/NLRB FILING DOCS 3.5/Screenshot 2026-03-09 at 6.26.39 PM.png,1,393838
03_EVIDENCE/images-screenshots/Screenshot 2026-03-16 at 6.22.46 PM.png,03_EVIDENCE/images-screenshots,Screenshot 2026-03-16 at 6.22.46 PM.png,99_ARCHIVE/original-tree/EEOC 5.25.27 INVESTIGATION/EEOC FILING DOCS 3.25/Screenshot 2026-03-16 at 6.22.46 PM.png,1,264679
03_EVIDENCE/images-screenshots/Screenshot 2026-03-16 at 6.24.02 PM.png,03_EVIDENCE/images-screenshots,Screenshot 2026-03-16 at 6.24.02 PM.png,99_ARCHIVE/original-tree/EEOC 5.25.27 INVESTIGATION/EEOC FILING DOCS 3.25/Screenshot 2026-03-16 at 6.24.02 PM.png,1,276834
03_EVIDENCE/images-screenshots/Screenshot 2026-03-17 at 11.08.34 AM.png,03_EVIDENCE/images-screenshots,Screenshot 2026-03-17 at 11.08.34 AM.png,99_ARCHIVE/original-tree/EEOC 5.25.27 INVESTIGATION/EEOC FILING DOCS 3.25/Screenshot 2026-03-17 at 11.08.34 AM.png,1,444217
03_EVIDENCE/images-screenshots/Time Off Request Hayley SHOWS AUTHORITY.png,03_EVIDENCE/images-screenshots,Time Off Request Hayley SHOWS AUTHORITY.png,99_ARCHIVE/original-tree/LORD V CDI/Doc for Uploading 1.18/Time Off Request Hayley SHOWS AUTHORITY.png,2,166262
03_EVIDENCE/texts/10.24.25 Txt Ford Proof of Eff.png,03_EVIDENCE/texts,10.24.25 Txt Ford Proof of Eff.png,99_ARCHIVE/original-tree/EEOC 5.25.27 INVESTIGATION/EEOC FILING DOCS 3.25/EEOC FILING INFO/10.24.25 Txt Ford Proof of Eff.png,1,336867
03_EVIDENCE/texts/10.7.25 Txt Ford Video Approval.png,03_EVIDENCE/texts,10.7.25 Txt Ford Video Approval.png,99_ARCHIVE/original-tree/EEOC 5.25.27 INVESTIGATION/EEOC FILING DOCS 3.25/EEOC FILING INFO/10.7.25 Txt Ford Video Approval.png,2,595005
03_EVIDENCE/texts/ADDENDUM_Firearm_and_Safety_Concerns.txt,03_EVIDENCE/texts,ADDENDUM_Firearm_and_Safety_Concerns.txt,99_ARCHIVE/original-tree/LORD V CDI/Doc for Uploading 1.18/ADDENDUM_Firearm_and_Safety_Concerns.txt,1,14720
03_EVIDENCE/texts/IMMEDIATE_ACTION_CHECKLIST.txt,03_EVIDENCE/texts,IMMEDIATE_ACTION_CHECKLIST.txt,99_ARCHIVE/original-tree/LORD V CDI/Doc for Uploading 1.18/IMMEDIATE_ACTION_CHECKLIST.txt,1,14111
03_EVIDENCE/texts/INTEGRATION_GUIDE_Firearm_Incident.txt,03_EVIDENCE/texts,INTEGRATION_GUIDE_Firearm_Incident.txt,99_ARCHIVE/original-tree/LORD V CDI/Doc for Uploading 1.18/INTEGRATION_GUIDE_Firearm_Incident.txt,1,11758
03_EVIDENCE/texts/Lord v CDI Text Request to HR.PNG,03_EVIDENCE/texts,Lord v CDI Text Request to HR.PNG,99_ARCHIVE/original-tree/EEOC 5.25.27 INVESTIGATION/EEOC FILING DOCS 3.25/Lord v CDI Text Request to HR.PNG,1,1128192
03_EVIDENCE/texts/Text Cam Re Signatures 2025-11-11 at 7.51.29 PM.png,03_EVIDENCE/texts,Text Cam Re Signatures 2025-11-11 at 7.51.29 PM.png,99_ARCHIVE/original-tree/EEOC 5.25.27 INVESTIGATION/EEOC FILING DOCS 3.25/EEOC FILING INFO/Text Cam Re Signatures 2025-11-11 at 7.51.29 PM.png,1,418103
04_EXHIBITS/EXHIBIT C_3.18 Notes Mumma Mtg Removal of Authority.docx,04_EXHIBITS,EXHIBIT C_3.18 Notes Mumma Mtg Removal of Authority.docx,99_ARCHIVE/original-tree/EEOC 5.25.27 INVESTIGATION/EEOC FILING DOCS 3.25/EXHIBIT C_3.18 Notes Mumma Mtg Removal of Authority.docx,1,251207
04_EXHIBITS/EXHIBIT C_3.18.25_Notes Mumma Mtg Removal of Authority.docx,04_EXHIBITS,EXHIBIT C_3.18.25_Notes Mumma Mtg Removal of Authority.docx,99_ARCHIVE/original-tree/EEOC 5.25.27 INVESTIGATION/EEOC FILING DOCS 3.25/EXHIBITS 3.15/EXHIBIT C_3.18.25_Notes Mumma Mtg Removal of Authority.docx,1,251191
04_EXHIBITS/EXHIBIT E_4.16.25_Office Reassignment Photo.docx,04_EXHIBITS,EXHIBIT E_4.16.25_Office Reassignment Photo.docx,99_ARCHIVE/original-tree/EEOC 5.25.27 INVESTIGATION/EEOC FILING DOCS 3.25/EXHIBITS 3.15/EXHIBIT E_4.16.25_Office Reassignment Photo.docx,1,125463
04_EXHIBITS/EXHIBIT E_Notes Removal of Authority.docx,04_EXHIBITS,EXHIBIT E_Notes Removal of Authority.docx,99_ARCHIVE/original-tree/EEOC 5.25.27 INVESTIGATION/EEOC FILING DOCS 3.25/EXHIBIT E_Notes Removal of Authority.docx,1,251148
04_EXHIBITS/EXHIBIT F_6.25.25_Wrenn Change of Title.docx,04_EXHIBITS,EXHIBIT F_6.25.25_Wrenn Change of Title.docx,99_ARCHIVE/original-tree/EEOC 5.25.27 INVESTIGATION/EEOC FILING DOCS 3.25/EXHIBITS 3.15/EXHIBIT F_6.25.25_Wrenn Change of Title.docx,1,505516
04_EXHIBITS/EXHIBIT G_9.2.25_Notes on Email Lockout.docx,04_EXHIBITS,EXHIBIT G_9.2.25_Notes on Email Lockout.docx,99_ARCHIVE/original-tree/EEOC 5.25.27 INVESTIGATION/EEOC FILING DOCS 3.25/EXHIBITS 3.15/EXHIBIT G_9.2.25_Notes on Email Lockout.docx,1,14135
04_EXHIBITS/EXHIBIT G_Reputational Risk.docx,04_EXHIBITS,EXHIBIT G_Reputational Risk.docx,99_ARCHIVE/original-tree/EEOC 5.25.27 INVESTIGATION/EEOC FILING DOCS 3.25/EXHIBIT G_Reputational Risk.docx,1,16208
04_EXHIBITS/EXHIBIT H_9.5.25 Brodsky Intro Hayley Cape as Dir of Mktg.docx,04_EXHIBITS,EXHIBIT H_9.5.25 Brodsky Intro Hayley Cape as Dir of Mktg.docx,99_ARCHIVE/original-tree/EEOC 5.25.27 INVESTIGATION/EEOC FILING DOCS 3.25/EXHIBITS 3.15/EXHIBIT H_9.5.25 Brodsky Intro Hayley Cape as Dir of Mktg.docx,1,14766
04_EXHIBITS/EXHIBIT I 2.25.26_Investment News Article.docx,04_EXHIBITS,EXHIBIT I 2.25.26_Investment News Article.docx,99_ARCHIVE/original-tree/EEOC 5.25.27 INVESTIGATION/EEOC FILING DOCS 3.25/EXHIBITS 3.15/EXHIBIT I 2.25.26_Investment News Article.docx,1,645697
04_EXHIBITS/EXHIBIT J 2.25.26_Email TP Reputational Risk.docx,04_EXHIBITS,EXHIBIT J 2.25.26_Email TP Reputational Risk.docx,99_ARCHIVE/original-tree/EEOC 5.25.27 INVESTIGATION/EEOC FILING DOCS 3.25/EXHIBITS 3.15/EXHIBIT J 2.25.26_Email TP Reputational Risk.docx,1,463503
04_EXHIBITS/EXHIBIT K. 3.12.26_Response Rate.pages,04_EXHIBITS,EXHIBIT K. 3.12.26_Response Rate.pages,99_ARCHIVE/original-tree/EEOC 5.25.27 INVESTIGATION/EEOC FILING DOCS 3.25/EXHIBITS 3.15/EXHIBIT K. 3.12.26_Response Rate.pages,1,754441
04_EXHIBITS/EXHIBIT K. 3.12.26_Response Rate.pdf,04_EXHIBITS,EXHIBIT K. 3.12.26_Response Rate.pdf,99_ARCHIVE/original-tree/EEOC 5.25.27 INVESTIGATION/EEOC FILING DOCS 3.25/EXHIBIT K. 3.12.26_Response Rate.pdf,1,133712
04_EXHIBITS/EXHIBIT K_6.25.25 Email Footer AWrenn Title Change.png,04_EXHIBITS,EXHIBIT K_6.25.25 Email Footer AWrenn Title Change.png,99_ARCHIVE/original-tree/EEOC 5.25.27 INVESTIGATION/EEOC FILING DOCS 3.25/EXHIBIT K_6.25.25 Email Footer AWrenn Title Change.png,1,238244
04_EXHIBITS/EXHIBIT+A_11.19.24_Organizational+Chart+Showing+Authority.png,04_EXHIBITS,EXHIBIT+A_11.19.24_Organizational+Chart+Showing+Authority.png,99_ARCHIVE/original-tree/NLRB FILING DOCS 3.5/EXHIBIT+A_11.19.24_Organizational+Chart+Showing+Authority.png,2,147343
04_EXHIBITS/EXHIBIT_10.24.25 Txt Ford No Response.png,04_EXHIBITS,EXHIBIT_10.24.25 Txt Ford No Response.png,99_ARCHIVE/original-tree/EEOC 5.25.27 INVESTIGATION/EEOC FILING DOCS 3.25/EXHIBIT_10.24.25 Txt Ford No Response.png,1,402050
04_EXHIBITS/Email Exhibit GL Budget.png,04_EXHIBITS,Email Exhibit GL Budget.png,99_ARCHIVE/original-tree/LORD V CDI/Email Exhibit GL Budget.png,1,186635
06_WORK_PRODUCT/02.17.25 Marketing Proposal ELord.docx,06_WORK_PRODUCT,02.17.25 Marketing Proposal ELord.docx,99_ARCHIVE/original-tree/EEOC 5.25.27 INVESTIGATION/EEOC FILING DOCS 3.25/EEOC FILING INFO/02.17.25 Marketing Proposal ELord.docx,2,23422
06_WORK_PRODUCT/9.2.25  Discussion Notes.docx,06_WORK_PRODUCT,9.2.25  Discussion Notes.docx,99_ARCHIVE/original-tree/EEOC 5.25.27 INVESTIGATION/EEOC FILING DOCS 3.25/9.2.25  Discussion Notes.docx,2,13981
06_WORK_PRODUCT/CASE NOTES 11.14.25.docx,06_WORK_PRODUCT,CASE NOTES 11.14.25.docx,99_ARCHIVE/original-tree/LORD V CDI/Doc for Uploading 1.18/ESL Nov 14 T Phillips/CASE NOTES 11.14.25.docx,1,17096
06_WORK_PRODUCT/Employment Change Proposal_CMO.docx,06_WORK_PRODUCT,Employment Change Proposal_CMO.docx,99_ARCHIVE/original-tree/EEOC 5.25.27 INVESTIGATION/EEOC FILING DOCS 3.25/EEOC FILING INFO/Employment Change Proposal_CMO.docx,2,24944
06_WORK_PRODUCT/Employment Proposal_VPM copy.docx,06_WORK_PRODUCT,Employment Proposal_VPM copy.docx,99_ARCHIVE/original-tree/LORD V CDI/Doc for Uploading 1.18/Employment Proposal_VPM copy.docx,1,20934
06_WORK_PRODUCT/HR Statement.docx,06_WORK_PRODUCT,HR Statement.docx,99_ARCHIVE/original-tree/NLRB FILING DOCS 3.5/HR Statement.docx,1,15921
06_WORK_PRODUCT/Lord v CDI HR Mtg Response 3.13.25.docx,06_WORK_PRODUCT,Lord v CDI HR Mtg Response 3.13.25.docx,99_ARCHIVE/original-tree/Uploads/Lord v CDI HR Mtg Response 3.13.25.docx,3,17321
06_WORK_PRODUCT/Lord v CDI Req for Performance Review.docx,06_WORK_PRODUCT,Lord v CDI Req for Performance Review.docx,99_ARCHIVE/original-tree/Uploads/Lord v CDI Req for Performance Review.docx,3,306720
06_WORK_PRODUCT/Lord v CDI Req for Performance Review__1.docx,06_WORK_PRODUCT,Lord v CDI Req for Performance Review.docx,99_ARCHIVE/original-tree/NLRB FILING DOCS 3.5/Lord v CDI Req for Performance Review.docx,1,306732
06_WORK_PRODUCT/Lord v CDI_Evidence of Fraud.docx,06_WORK_PRODUCT,Lord v CDI_Evidence of Fraud.docx,99_ARCHIVE/original-tree/Uploads/Lord v CDI_Evidence of Fraud.docx,3,529514
06_WORK_PRODUCT/Lord v CDI_HR Response to Charges 11.24.2025.pdf,06_WORK_PRODUCT,Lord v CDI_HR Response to Charges 11.24.2025.pdf,99_ARCHIVE/original-tree/EEOC 5.25.27 INVESTIGATION/EEOC FILING DOCS 3.25/UPLOADS 2.23.26/Lord v CDI_HR Response to Charges 11.24.2025.pdf,1,394819
06_WORK_PRODUCT/SM Reporting.docx,06_WORK_PRODUCT,SM Reporting.docx,99_ARCHIVE/original-tree/LORD V CDI/Doc for Uploading 1.18/SM Reporting.docx,3,17536
